symboling,normalized_losses,wheel_base,length,width,height,curb_weight,engine_size,bore,stroke,compression_ratio,horsepower,peak_rpm,city_mpg,highway_mpg,price,make_audi,make_bmw,make_chevrolet,make_dodge,make_honda,make_isuzu,make_jaguar,make_mazda,make_mercedes-benz,make_mercury,make_mitsubishi,make_nissan,make_peugot,make_plymouth,make_porsche,make_renault,make_saab,make_subaru,make_toyota,make_volkswagen,make_volvo,fuel_type_gas,aspiration_turbo,num_doors_two,body_style_hardtop,body_style_hatchback,body_style_sedan,body_style_wagon,drive_wheels_fwd,drive_wheels_rwd,engine_location_rear,engine_type_dohcv,engine_type_l,engine_type_ohc,engine_type_ohcf,engine_type_ohcv,engine_type_rotor,num_cylinders_five,num_cylinders_four,num_cylinders_six,num_cylinders_three,num_cylinders_twelve,num_cylinders_two,fuel_system_2bbl,fuel_system_4bbl,fuel_system_idi,fuel_system_mfi,fuel_system_mpfi,fuel_system_spdi,fuel_system_spfi
1.7434704321932961,-0.17650338540902072,-1.6907718018201774,-0.42652146835701304,-0.8447823517277104,-2.0204173044647122,-0.014566282137926123,0.1601961518061398,0.5204891548314164,-1.8413452492372842,-0.2883489098618655,0.22851829476460322,-0.26498273974059505,-0.6493211079179606,-0.5521425377901082,0.1187303493405408,False,False,False,False,False,False,False,False,False,False,False,False,False,False,False,False,False,False,False,False,False,True,False,True,False,False,False,False,False,True,False,False,False,False,False,False,False,False,True,False,False,False,False,False,False,False,False,True,False,False
1.7434704321932961,-0.17650338540902072,-1.6907718018201774,-0.42652146835701304,-0.8447823517277104,-2.0204173044647122,-0.014566282137926123,0.1601961518061398,0.5204891548314164,-1.8413452492372842,-0.2883489098618655,0.22851829476460322,-0.26498273974059505,-0.6493211079179606,-0.5521425377901082,0.5751504421492741,False,False,False,False,False,False,False,False,False,False,False,False,False,False,False,False,False,False,False,False,False,True,False,True,False,False,False,False,False,True,False,False,False,False,False,False,False,False,True,False,False,False,False,False,False,False,False,True,False,False
0.13350899705984703,-0.17650338540902072,-0.7085958764076113,-0.23151304680543727,-0.19056612143668694,-0.5435274761218468,0.5148819161377617,0.8093288064743263,-2.403313086755383,0.683683227595725,-0.2883489098618655,1.440545231196599,-0.26498273974059505,-0.9581629341898447,-0.7021613850359296,0.5751504421492741,False,False,False,False,False,False,False,False,False,False,False,False,False,False,False,False,False,False,False,False,False,True,False,True,False,True,False,False,False,True,False,False,False,False,False,True,False,False,False,True,False,False,False,False,False,False,False,True,False,False
0.9384897146265716,1.3679012369199122,0.17369775150537034,0.2072559016856128,0.1365419937088248,0.23594215550355344,-0.4207974451785447,-0.45943047310440177,-0.5157951839588424,0.45994652711684986,-0.035972825318776304,-0.025161761697907518,0.7857225145499663,-0.18605836851013471,-0.10208599605264418,0.18783888252788644,True,False,False,False,False,False,False,False,False,False,False,False,False,False,False,False,False,False,False,False,False,True,False,False,False,False,True,False,True,False,False,False,False,True,False,False,False,False,True,False,False,False,False,False,False,False,False,True,False,False
0.9384897146265716,1.3679012369199122,0.1071095531723165,0.2072559016856128,0.23000145517897197,0.23594215550355344,0.5168071823133096,0.33723233035200884,-0.5157951839588424,0.45994652711684986,-0.5407249944049548,0.3412649865257191,0.7857225145499663,-1.1125838473257865,-1.3022367740192151,0.7194429839690069,True,False,False,False,False,False,False,False,False,False,False,False,False,False,False,False,False,False,False,False,False,True,False,False,False,False,True,False,False,False,False,False,False,True,False,False,False,True,False,False,False,False,False,False,False,False,False,True,False,False
0.9384897146265716,-0.17650338540902072,0.17369775150537034,0.26413335797149096,0.18327172444389506,-0.2563544539440664,-0.0935021953353923,0.33723233035200884,-0.5157951839588424,0.45994652711684986,-0.41453695213341013,0.20033162182432426,0.7857225145499663,-0.9581629341898447,-0.852180232281751,0.38529183449173116,True,False,False,False,False,False,False,False,False,False,False,False,False,False,False,False,False,False,False,False,False,True,False,True,False,False,True,False,True,False,False,False,False,True,False,False,False,True,False,False,False,False,False,False,False,False,False,True,False,False
0.13350899705984703,1.1787904668388183,1.1725207265011992,1.5154373962607788,2.566487991932618,0.8102881998591143,0.5553125058242687,0.33723233035200884,-0.5157951839588424,0.45994652711684986,-0.41453695213341013,0.20033162182432426,0.7857225145499663,-0.9581629341898447,-0.852180232281751,0.7589335743617758,True,False,False,False,False,False,False,False,False,False,False,False,False,False,False,False,False,False,False,False,False,True,False,False,False,False,True,False,True,False,False,False,False,True,False,False,False,True,False,False,False,False,False,False,False,False,False,True,False,False
0.13350899705984703,-0.17650338540902072,1.1725207265011992,1.5154373962607788,2.566487991932618,0.8102881998591143,0.7670917851345438,0.33723233035200884,-0.5157951839588424,0.45994652711684986,-0.41453695213341013,0.20033162182432426,0.7857225145499663,-0.9581629341898447,-0.852180232281751,0.9427167065742773,True,False,False,False,False,False,False,False,False,False,False,False,False,False,False,False,False,False,False,False,False,True,False,False,False,False,False,True,True,False,False,False,False,True,False,False,False,True,False,False,False,False,False,False,False,False,False,True,False,False
0.13350899705984703,1.1787904668388183,1.1725207265011992,1.5154373962607788,2.566487991932618,0.8923376347670494,1.021226920306874,0.18970218156378466,-0.7378561136996122,0.45994652711684986,-0.4650121690420278,1.0459318100326935,0.7857225145499663,-1.2670047604617285,-1.6022744685108579,1.6953162273287778,True,False,False,False,False,False,False,False,False,False,False,False,False,False,False,False,False,False,False,False,False,True,True,False,False,False,True,False,True,False,False,False,False,True,False,False,False,True,False,False,False,False,False,False,False,False,False,True,False,False
-0.6714717205068775,-0.17650338540902072,0.12375660275557937,0.3372615160533307,0.9309474162050657,-0.7076263459377201,0.9576931365137914,0.18970218156378466,-0.7378561136996122,0.45994652711684986,-0.7931010789480439,1.6096652688382729,0.7857225145499663,-1.4214256735976705,-1.3022367740192151,-0.3673076862627692,True,False,False,False,False,False,False,False,False,False,False,False,False,False,False,False,False,False,False,False,False,True,True,True,False,True,False,False,False,False,False,False,False,True,False,False,False,True,False,False,False,False,False,False,False,False,False,True,False,False
0.9384897146265716,2.2504181639650165,0.40675644567106467,0.22350660348157897,-0.5176742365821987,0.23594215550355344,-0.3091320069967633,-0.4889365028620466,0.6315196197018005,-1.4577966198449295,-0.3388241267704832,-0.05334843463818649,1.4161456671243031,-0.3404792816460767,-0.25210484329846555,0.5645183601204518,False,True,False,False,False,False,False,False,False,False,False,False,False,False,False,False,False,False,False,False,False,True,False,True,False,False,True,False,False,True,False,False,False,True,False,False,False,False,True,False,False,False,False,False,False,False,False,True,False,False
-0.6714717205068775,2.2504181639650165,0.40675644567106467,0.22350660348157897,-0.5176742365821987,0.23594215550355344,-0.3091320069967633,-0.4889365028620466,0.6315196197018005,-1.4577966198449295,-0.3388241267704832,-0.05334843463818649,1.4161456671243031,-0.3404792816460767,-0.25210484329846555,0.6397023687528387,False,True,False,False,False,False,False,False,False,False,False,False,False,False,False,False,False,False,False,False,False,True,False,False,False,False,True,False,False,True,False,False,False,True,False,False,False,False,True,False,False,False,False,False,False,False,False,True,False,False
-0.6714717205068775,2.1243443172442875,0.40675644567106467,0.22350660348157897,-0.5176742365821987,0.23594215550355344,0.29732683830084267,1.1634011635660642,-0.0716733244773029,-0.2112635743197727,-0.2883489098618655,0.510385024167393,-1.8410406211764372,-0.6493211079179606,-0.4021236905442869,1.2540848231326478,False,True,False,False,False,False,False,False,False,False,False,False,False,False,False,False,False,False,False,False,False,True,False,True,False,False,True,False,False,True,False,False,False,True,False,False,False,False,False,True,False,False,False,False,False,False,False,True,False,False
-0.6714717205068775,2.1243443172442875,0.40675644567106467,0.22350660348157897,-0.5176742365821987,0.23594215550355344,0.4032164779559802,1.1634011635660642,-0.0716733244773029,-0.2112635743197727,-0.2883489098618655,0.510385024167393,-1.8410406211764372,-0.6493211079179606,-0.4021236905442869,1.2745895527596625,False,True,False,False,False,False,False,False,False,False,False,False,False,False,False,False,False,False,False,False,False,True,False,False,False,False,True,False,False,True,False,False,False,True,False,False,False,False,False,True,False,False,False,False,False,False,False,True,False,False
0.13350899705984703,-0.17650338540902072,0.7896385860861319,1.214799413035431,0.46365010885433655,0.8102881998591143,0.9615436688648873,1.1634011635660642,-0.0716733244773029,-0.2112635743197727,-0.2883489098618655,0.510385024167393,-1.8410406211764372,-0.8037420210539027,-0.852180232281751,1.8001181787557414,False,True,False,False,False,False,False,False,False,False,False,False,False,False,False,False,False,False,False,False,False,True,False,False,False,False,True,False,False,True,False,False,False,True,False,False,False,False,False,True,False,False,False,False,False,False,False,True,False,False
-0.6714717205068775,-0.17650338540902072,0.7896385860861319,1.214799413035431,0.46365010885433655,0.8102881998591143,1.2984652495857796,2.432160443144792,1.07564147918334,0.4279841413341542,-0.5407249944049548,2.22977207352441,0.575581463691854,-1.4214256735976705,-1.3022367740192151,2.5600082700442917,False,True,False,False,False,False,False,False,False,False,False,False,False,False,False,False,False,False,False,False,False,True,False,False,False,False,True,False,False,True,False,False,False,True,False,False,False,False,False,True,False,False,False,False,False,False,False,True,False,False
-0.6714717205068775,-0.17650338540902072,0.7896385860861319,1.604816256138587,0.9309474162050657,-0.010206149220255032,1.587255175917973,2.432160443144792,1.07564147918334,0.4279841413341542,-0.5407249944049548,2.22977207352441,0.575581463691854,-1.4214256735976705,-1.3022367740192151,2.5600082700442917,False,True,False,False,False,False,False,False,False,False,False,False,False,False,False,False,False,False,False,False,False,True,False,True,False,False,True,False,False,True,False,False,False,True,False,False,False,False,False,True,False,False,False,False,False,False,False,True,False,False
-0.6714717205068775,-0.17650338540902072,1.87169680899828,1.864827484874023,2.332839338257253,1.0564365045829227,1.8279134478614674,2.432160443144792,1.07564147918334,0.4279841413341542,-0.5407249944049548,2.22977207352441,0.575581463691854,-1.5758465867336124,-1.6022744685108579,2.5600082700442917,False,True,False,False,False,False,False,False,False,False,False,False,False,False,False,False,False,False,False,False,False,True,False,False,False,False,True,False,False,True,False,False,False,True,False,False,False,False,False,True,False,False,False,False,False,False,False,True,False,False
0.9384897146265716,0.0126073846720731,-1.724065900986703,-2.677243667098139,-2.62051211966048,-0.21532973649009735,-2.055348428218759,-1.875719901471354,-1.5520795227490998,-0.7226617468429142,-0.16216086759032092,-1.547242100472972,-0.054841688882482774,3.28841217704856,2.5232438307492298,-1.1486138284950902,False,False,True,False,False,False,False,False,False,False,False,False,False,False,False,False,False,False,False,False,False,True,False,True,False,True,False,False,True,False,False,False,True,False,False,False,False,False,False,False,True,False,False,True,False,False,False,False,False,False
0.13350899705984703,-0.7123172339721199,-0.7085958764076113,-1.4746917341967432,-1.0784310054030717,-0.7076263459377201,-1.3121956844572482,-1.0200450384996536,-1.1079576632675618,-0.46696266058134345,-0.13692325913601208,-0.9271352957868346,0.575581463691854,1.975834415393053,1.8481590181430336,-0.9748552307669068,False,False,True,False,False,False,False,False,False,False,False,False,False,False,False,False,False,False,False,False,False,True,False,True,False,True,False,False,True,False,False,False,False,True,False,False,False,False,True,False,False,False,False,True,False,False,False,False,False,False
-0.6714717205068775,-1.248131082535219,-0.7085958764076113,-1.239056558155253,-1.0784310054030717,-0.7076263459377201,-1.2448113683130697,-1.0200450384996536,-1.1079576632675618,-0.46696266058134345,-0.13692325913601208,-0.9271352957868346,0.575581463691854,1.975834415393053,1.8481590181430336,-0.9323269026516171,False,False,True,False,False,False,False,False,False,False,False,False,False,False,False,False,False,False,False,False,False,True,False,False,False,False,True,False,True,False,False,False,False,True,False,False,False,False,True,False,False,False,False,True,False,False,False,False,False,False
0.13350899705984703,-0.0819480003684738,-0.8417722730737214,-1.360936821624989,-0.9849715439329279,-1.1999229553853428,-1.3083451521061522,-1.0200450384996536,-1.33001859300833,-0.08341403118898731,-0.1848747151991989,-0.9835086416673926,0.7857225145499663,1.821413502257111,1.5481213236513909,-1.0846694494360296,False,False,False,True,False,False,False,False,False,False,False,False,False,False,False,False,False,False,False,False,False,True,False,True,False,True,False,False,True,False,False,False,False,True,False,False,False,False,True,False,False,False,False,True,False,False,False,False,False,False
0.13350899705984703,-0.0819480003684738,-0.8417722730737214,-1.360936821624989,-0.9849715439329279,-1.1999229553853428,-1.3083451521061522,-1.0200450384996536,-1.33001859300833,-0.08341403118898731,-0.18739847604462975,-0.9835086416673926,0.7857225145499663,0.8948880234414591,1.0980647819139266,-0.962400506104572,False,False,False,True,False,False,False,False,False,False,False,False,False,False,False,False,False,False,False,False,False,True,False,True,False,True,False,False,True,False,False,False,False,True,False,False,False,False,True,False,False,False,False,True,False,False,False,False,False,False
0.13350899705984703,-0.0819480003684738,-0.8417722730737214,-1.360936821624989,-0.9849715439329279,-1.1999229553853428,-0.8231780758680675,-0.783996800438495,-1.1079576632675618,0.4279841413341542,-0.6416754282221906,-0.025161761697907518,0.7857225145499663,-0.18605836851013471,-0.10208599605264418,-0.7224192260254376,False,False,False,True,False,False,False,False,False,False,False,False,False,False,False,False,False,False,False,False,False,True,True,True,False,True,False,False,True,False,False,False,False,True,False,False,False,False,True,False,False,False,False,False,False,False,False,True,False,False
0.13350899705984703,0.8636058500369953,-0.8417722730737214,-1.360936821624989,-0.9849715439329279,-1.281972390293278,-1.1331459301312883,-1.0200450384996536,-1.33001859300833,-0.08341403118898731,-0.18739847604462975,-0.9835086416673926,0.7857225145499663,0.8948880234414591,1.0980647819139266,-0.984879765251225,False,False,False,True,False,False,False,False,False,False,False,False,False,False,False,False,False,False,False,False,False,True,False,False,False,True,False,False,True,False,False,False,False,True,False,False,False,False,True,False,False,False,False,True,False,False,False,False,False,False
0.13350899705984703,0.8636058500369953,-0.8417722730737214,-1.360936821624989,-0.9849715439329279,-1.281972390293278,-1.0907900742692331,-1.0200450384996536,-1.33001859300833,-0.08341403118898731,-0.18739847604462975,-0.9835086416673926,0.7857225145499663,0.8948880234414591,1.0980647819139266,-0.9145561369748711,False,False,False,True,False,False,False,False,False,False,False,False,False,False,False,False,False,False,False,False,False,True,False,False,False,False,True,False,True,False,False,False,False,True,False,False,False,False,True,False,False,False,False,True,False,False,False,False,False,False
0.13350899705984703,0.8636058500369953,-0.8417722730737214,-1.360936821624989,-0.9849715439329279,-1.281972390293278,-1.0907900742692331,-1.0200450384996536,-1.33001859300833,-0.08341403118898731,-0.18739847604462975,-0.9835086416673926,0.7857225145499663,0.8948880234414591,1.0980647819139266,-0.7752758623972976,False,False,False,True,False,False,False,False,False,False,False,False,False,False,False,False,False,False,False,False,False,True,False,False,False,False,True,False,True,False,False,False,False,True,False,False,False,False,True,False,False,False,False,True,False,False,False,False,False,False
0.13350899705984703,0.8636058500369953,-0.8417722730737214,-1.360936821624989,-0.9849715439329279,-1.281972390293278,-0.7018863068085462,-0.783996800438495,-1.1079576632675618,0.4279841413341542,-0.6416754282221906,-0.025161761697907518,0.7857225145499663,-0.18605836851013471,-0.10208599605264418,-0.631135207463691,False,False,False,True,False,False,False,False,False,False,False,False,False,False,False,False,False,False,False,False,False,True,True,False,False,False,True,False,True,False,False,False,False,True,False,False,False,False,True,False,False,False,False,False,False,False,False,True,False,False
-1.476452438073602,-0.3340956938099322,0.7563444869196039,0.04474888372596479,-0.6111336980523459,2.492301615471819,-0.039594742420049546,-0.07585208625501888,0.039357140393081164,0.6517208418130279,-0.41453695213341013,-0.41977518286181315,-0.26498273974059505,-0.18605836851013471,-0.10208599605264418,-0.5760002677999405,False,False,False,True,False,False,False,False,False,False,False,False,False,False,False,False,False,False,False,False,False,True,False,False,False,False,False,True,True,False,False,False,False,True,False,False,False,False,True,False,False,False,False,True,False,False,False,False,False,False
1.7434704321932961,0.7690504649964484,-0.475537182241917,-0.06900602884578928,0.18327172444389506,-1.4460712601091512,0.49177872203118617,0.9273529255049056,1.00162116926975,2.058065816251666,-0.7931010789480439,1.1868651747340884,-0.26498273974059505,-0.9581629341898447,-1.0021990795275724,0.03807841280761654,False,False,False,True,False,False,False,False,False,False,False,False,False,False,False,False,False,False,False,False,False,True,True,True,False,True,False,False,True,False,False,False,False,True,False,False,False,False,True,False,False,False,False,False,False,False,True,False,False,False
0.9384897146265716,0.51690277155499,-2.0237127934854535,-2.3928563856687552,-0.9382418131978543,-1.1999229553853428,-1.622163538720469,-0.9610329789843639,-1.5520795227490998,0.4919089128995469,-0.13692325913601208,-1.2653753710701823,-0.6852648414568197,3.28841217704856,2.5232438307492298,-0.9469080437197165,False,False,False,False,True,False,False,False,False,False,False,False,False,False,False,False,False,False,False,False,False,True,False,True,False,True,False,False,True,False,False,False,False,True,False,False,False,False,True,False,False,False,False,False,False,False,False,False,False,False
0.9384897146265716,0.51690277155499,-2.0237127934854535,-2.3928563856687552,-0.9382418131978543,-1.1999229553853428,-1.4180853241123856,-0.9610329789843639,-1.5520795227490998,0.4919089128995469,-0.23787369295324787,-0.7580152581451608,1.8364277688405277,0.8948880234414591,1.0980647819139266,-0.8897985745363275,False,False,False,False,True,False,False,False,False,False,False,False,False,False,False,False,False,False,False,False,False,True,False,True,False,True,False,False,True,False,False,False,False,True,False,False,False,False,True,False,False,False,False,False,False,False,False,False,False,False
0.13350899705984703,-0.6177618489315729,-0.8417722730737214,-1.9540874371777053,-0.8915120824627807,-0.46147804121390873,-1.3834305329525225,-1.3446113658337469,-1.5520795227490998,-0.5948122037121288,-0.010735216864467472,-1.2090020251896243,0.7857225145499663,1.975834415393053,1.6981401708972121,-1.1109458807358337,False,False,False,False,True,False,False,False,False,False,False,False,False,False,False,False,False,False,False,False,False,True,False,True,False,True,False,False,True,False,False,False,False,True,False,False,False,False,True,False,False,False,False,False,False,False,False,False,False,False
0.13350899705984703,-0.6177618489315729,-0.8417722730737214,-1.9540874371777053,-0.8915120824627807,-0.46147804121390873,-1.185128116871083,-0.9610329789843639,-1.5520795227490998,0.4919089128995469,-0.23787369295324787,-0.7580152581451608,1.8364277688405277,0.7404671103055172,0.49798939293064126,-0.9393136994134147,False,False,False,False,True,False,False,False,False,False,False,False,False,False,False,False,False,False,False,False,False,True,False,True,False,True,False,False,True,False,False,False,False,True,False,False,False,False,True,False,False,False,False,False,False,False,False,False,False,False
0.13350899705984703,-0.6177618489315729,-0.8417722730737214,-1.9540874371777053,-0.8915120824627807,-0.46147804121390873,-1.1543238580623159,-0.9610329789843639,-1.5520795227490998,0.4919089128995469,-0.23787369295324787,-0.7580152581451608,1.8364277688405277,0.7404671103055172,0.49798939293064126,-0.8481815677377941,False,False,False,False,True,False,False,False,False,False,False,False,False,False,False,False,False,False,False,False,False,True,False,True,False,True,False,False,True,False,False,False,False,True,False,False,False,False,True,False,False,False,False,False,False,False,False,False,False,False
-0.6714717205068775,-0.3340956938099322,-0.37565488474233505,-0.8652904168480631,-0.8915120824627807,0.3179915904114915,-1.0503594845827262,-0.9610329789843639,-1.5520795227490998,0.4919089128995469,-0.23787369295324787,-0.7580152581451608,1.8364277688405277,0.7404671103055172,0.49798939293064126,-0.8229683446408724,False,False,False,False,True,False,False,False,False,False,False,False,False,False,False,False,False,False,False,False,False,True,False,False,False,False,True,False,True,False,False,False,False,True,False,False,False,False,True,False,False,False,False,False,False,False,False,False,False,False
-0.6714717205068775,-1.342686467575766,-0.37565488474233505,-1.3771875234209552,-0.9382418131978543,1.876930853662292,-1.0234057581250549,-0.9610329789843639,-1.5150693677923055,0.4919089128995469,-0.23787369295324787,-0.7580152581451608,1.8364277688405277,0.7404671103055172,0.49798939293064126,-0.8229683446408724,False,False,False,False,True,False,False,False,False,False,False,False,False,False,False,False,False,False,False,False,False,True,False,False,False,False,False,True,True,False,False,False,False,True,False,False,False,False,True,False,False,False,False,False,False,False,False,False,False,False
-0.6714717205068775,-0.46016954053066145,-0.37565488474233505,-0.5321510300307851,-0.33075531364190436,-0.17430501903613121,-0.6152493289088883,-0.4299244433467569,-0.6638358037860222,1.035269471205384,-0.2883489098618655,-0.47614852874237107,1.4161456671243031,0.27720437089769123,0.3479705456848199,-0.7318362129652518,False,False,False,False,True,False,False,False,False,False,False,False,False,False,False,False,False,False,False,False,False,True,False,True,False,True,False,False,True,False,False,False,False,True,False,False,False,False,True,False,False,False,False,False,False,False,False,False,False,False
-0.6714717205068775,-0.46016954053066145,-0.37565488474233505,-0.5321510300307851,-0.33075531364190436,-0.17430501903613121,-0.5132102216048466,-0.4299244433467569,-0.6638358037860222,1.035269471205384,-0.2883489098618655,-0.47614852874237107,1.4161456671243031,0.27720437089769123,0.3479705456848199,-0.5495719496140105,False,False,False,False,True,False,False,False,False,False,False,False,False,False,False,False,False,False,False,False,False,True,False,True,False,True,False,False,True,False,False,False,False,True,False,False,False,False,True,False,False,False,False,False,False,False,False,False,False,False
-0.6714717205068775,-1.1220572358144898,-0.37565488474233505,0.10975169090982491,-0.33075531364190436,0.15389272059561823,-0.4843312289716273,-0.4299244433467569,-0.6638358037860222,1.035269471205384,-0.2883489098618655,-0.47614852874237107,1.4161456671243031,0.27720437089769123,0.3479705456848199,-0.5875436711455191,False,False,False,False,True,False,False,False,False,False,False,False,False,False,False,False,False,False,False,False,False,True,False,False,False,False,True,False,True,False,False,False,False,True,False,False,False,False,True,False,False,False,False,False,False,False,False,False,False,False
-0.6714717205068775,-1.1220572358144898,-0.37565488474233505,0.10975169090982491,-1.5924580434888744,0.15389272059561823,-0.3534131290343663,-0.4299244433467569,-0.6638358037860222,1.035269471205384,-0.2883489098618655,-0.47614852874237107,1.4161456671243031,0.27720437089769123,0.3479705456848199,-0.3673076862627692,False,False,False,False,True,False,False,False,False,False,False,False,False,False,False,False,False,False,False,False,False,True,False,False,False,False,True,False,True,False,False,False,False,True,False,False,False,False,True,False,False,False,False,False,False,False,False,False,False,False
-0.6714717205068775,-1.1220572358144898,-0.37565488474233505,0.10975169090982491,-0.33075531364190436,0.15389272059561823,-0.17436337470840643,-0.4299244433467569,-0.6638358037860222,1.035269471205384,-0.2883489098618655,-0.05334843463818649,1.4161456671243031,-0.18605836851013471,-0.4021236905442869,0.03519256197122189,False,False,False,False,True,False,False,False,False,False,False,False,False,False,False,False,False,False,False,False,False,True,False,False,False,False,True,False,True,False,False,False,False,True,False,False,False,False,True,False,False,False,False,False,False,False,False,True,False,False
0.13350899705984703,-0.42865107885047915,-0.37565488474233505,-0.4021454156630672,0.04308253223867764,-1.1178735204774048,-0.5055091569026547,-0.4299244433467569,-0.6638358037860222,1.035269471205384,-0.2631113014075567,-0.08153510757846547,0.7857225145499663,-0.03163745537419274,0.04793285119317718,-0.35971334195646754,False,False,False,False,True,False,False,False,False,False,False,False,False,False,False,False,False,False,False,False,False,True,False,True,False,False,True,False,True,False,False,False,False,True,False,False,False,False,True,False,False,False,False,True,False,False,False,False,False,False
-0.6714717205068775,-0.17650338540902072,-0.7418899755741394,-0.27213980129534926,-1.9195661586343862,-0.09225558412819312,-0.4207974451785447,-0.40041841358911207,-0.0716733244773029,-0.08341403118898731,-0.41453695213341013,-0.7016419122646028,-0.6852648414568197,-0.18605836851013471,-0.25210484329846555,-0.90043065656515,False,False,False,False,False,True,False,False,False,False,False,False,False,False,False,False,False,False,False,False,False,True,False,False,False,False,True,False,False,True,False,False,False,True,False,False,False,False,True,False,False,False,False,True,False,False,False,False,False,False
0.13350899705984703,-0.17650338540902072,-0.7085958764076113,-1.4746917341967432,-1.0784310054030717,-0.7076263459377201,-1.3121956844572482,-1.0200450384996536,-1.1079576632675618,-0.46696266058134345,-0.13692325913601208,-0.9271352957868346,0.575581463691854,1.975834415393053,1.8481590181430336,-0.3673076862627692,False,False,False,False,False,True,False,False,False,False,False,False,False,False,False,False,False,False,False,False,False,True,False,True,False,False,True,False,True,False,False,False,False,True,False,False,False,False,True,False,False,False,False,True,False,False,False,False,False,False
-0.6714717205068775,-0.17650338540902072,-0.7085958764076113,-1.4746917341967432,-1.0784310054030717,-0.7076263459377201,-1.2448113683130697,-1.0200450384996536,-1.1079576632675618,-0.46696266058134345,-0.13692325913601208,-0.9271352957868346,0.575581463691854,1.975834415393053,1.8481590181430336,-0.3673076862627692,False,False,False,False,False,True,False,False,False,False,False,False,False,False,False,False,False,False,False,False,False,True,False,False,False,False,True,False,True,False,False,False,False,True,False,False,False,False,True,False,False,False,False,True,False,False,False,False,False,False
0.9384897146265716,-0.17650338540902072,-0.45889013265865414,-0.11775813423368321,-0.33075531364190436,-0.9537746506615314,0.3435332265139936,-0.16437017552795338,0.37244853500423664,-0.08341403118898731,-0.23787369295324787,-0.36340183698125517,-0.26498273974059505,-0.18605836851013471,-0.25210484329846555,-0.25293686100986534,False,False,False,False,False,True,False,False,False,False,False,False,False,False,False,False,False,False,False,False,False,True,False,True,False,True,False,False,False,True,False,False,False,True,False,False,False,False,True,False,False,False,False,False,False,False,False,False,False,True
-0.6714717205068775,0.7690504649964484,2.3711082964961943,2.0760866082215648,1.7253528387013,-0.3794286063059735,2.9079877723438705,2.432160443144792,1.1126516341401342,2.9210502323844665,-0.5154873859506459,2.0606520358827365,-0.7903353668858758,-1.5758465867336124,-1.7522933157566791,2.5600082700442917,False,False,False,False,False,False,True,False,False,False,False,False,False,False,False,False,False,False,False,False,False,True,False,False,False,False,True,False,False,True,False,False,False,False,False,False,False,False,False,True,False,False,False,False,False,False,False,True,False,False
-0.6714717205068775,-0.17650338540902072,2.3711082964961943,2.0760866082215648,1.7253528387013,-0.3794286063059735,2.9079877723438705,2.432160443144792,1.1126516341401342,2.9210502323844665,-0.5154873859506459,2.0606520358827365,-0.7903353668858758,-1.5758465867336124,-1.7522933157566791,2.5600082700442917,False,False,False,False,False,False,True,False,False,False,False,False,False,False,False,False,False,False,False,False,False,True,False,False,False,False,True,False,False,True,False,False,False,False,False,False,False,False,False,True,False,False,False,False,False,False,False,True,False,False
-0.6714717205068775,-0.17650338540902072,0.5399328423371748,1.4341838872809547,2.192650146052029,-2.4306644790043967,2.6846568959803077,2.432160443144792,0.7795602395289803,-1.5856461629757148,0.34259130149585754,2.3143320923452473,-0.26498273974059505,-1.8846884130054964,-2.052331010248322,2.5600082700442917,False,False,False,False,False,False,True,False,False,False,False,False,False,False,False,False,False,False,False,False,False,True,False,True,False,False,True,False,False,True,False,False,False,False,False,True,False,False,False,False,False,True,False,False,False,False,False,True,False,False
0.13350899705984703,-0.523206463891026,-0.9416545705733057,-1.2146805054613072,-0.7980526209926335,0.15389272059561823,-1.2813914256484809,-0.9905390087420088,-1.1079576632675618,-0.33911311745055805,-0.2883489098618655,-0.9835086416673926,-0.26498273974059505,0.7404671103055172,0.04793285119317718,-1.1419308055055446,False,False,False,False,False,False,False,True,False,False,False,False,False,False,False,False,False,False,False,False,False,True,False,True,False,True,False,False,True,False,False,False,False,True,False,False,False,False,True,False,False,False,False,True,False,False,False,False,False,False
0.13350899705984703,-0.523206463891026,-0.9416545705733057,-1.2146805054613072,-0.7980526209926335,0.15389272059561823,-1.2621387638930013,-0.9905390087420088,-1.1079576632675618,-0.33911311745055805,-0.2883489098618655,-0.9835086416673926,-0.26498273974059505,0.8948880234414591,1.0980647819139266,-1.0052326079921137,False,False,False,False,False,False,False,True,False,False,False,False,False,False,False,False,False,False,False,False,False,True,False,True,False,True,False,False,True,False,False,False,False,True,False,False,False,False,True,False,False,False,False,True,False,False,False,False,False,False
0.13350899705984703,-0.523206463891026,-0.9416545705733057,-1.2146805054613072,-0.7980526209926335,0.15389272059561823,-1.2525124330152615,-0.9905390087420088,-1.1079576632675618,-0.33911311745055805,-0.2883489098618655,-0.9835086416673926,-0.26498273974059505,0.8948880234414591,1.0980647819139266,-0.8989117877038896,False,False,False,False,False,False,False,True,False,False,False,False,False,False,False,False,False,False,False,False,False,True,False,True,False,True,False,False,True,False,False,False,False,True,False,False,False,False,True,False,False,False,False,True,False,False,False,False,False,False
0.13350899705984703,-0.2395403087693853,-0.9416545705733057,-0.589028486316661,-0.7980526209926335,0.15389272059561823,-1.1755017859933432,-0.9905390087420088,-1.1079576632675618,-0.33911311745055805,-0.2883489098618655,-0.9835086416673926,-0.26498273974059505,0.8948880234414591,1.0980647819139266,-0.914100476316493,False,False,False,False,False,False,False,True,False,False,False,False,False,False,False,False,False,False,False,False,False,True,False,False,False,False,True,False,True,False,False,False,False,True,False,False,False,False,True,False,False,False,False,True,False,False,False,False,False,False
0.13350899705984703,-0.2395403087693853,-0.9416545705733057,-0.589028486316661,-0.7980526209926335,0.15389272059561823,-1.1658754551156034,-0.9905390087420088,-0.9229068884835862,-0.33911311745055805,-0.2883489098618655,-0.9835086416673926,-0.26498273974059505,0.8948880234414591,1.0980647819139266,-0.807779656028269,False,False,False,False,False,False,False,True,False,False,False,False,False,False,False,False,False,False,False,False,False,True,False,False,False,False,True,False,True,False,False,False,False,True,False,False,False,False,True,False,False,False,False,True,False,False,False,False,False,False
1.7434704321932961,0.9266427733973599,-0.5754194797415013,-0.41027076656104916,-0.09710665996653978,-1.6922195648329628,-0.33801099962998266,-1.6101656336525503,-0.0716733244773029,0.10836028350719076,-0.18739847604462975,-0.05334843463818649,1.8364277688405277,-1.2670047604617285,-1.1522179267733936,-0.26858121028084686,False,False,False,False,False,False,False,True,False,False,False,False,False,False,False,False,False,False,False,False,False,True,False,True,False,True,False,False,False,True,False,False,False,False,False,False,True,False,False,False,False,False,True,False,True,False,False,False,False,False
1.7434704321932961,0.9266427733973599,-0.5754194797415013,-0.41027076656104916,-0.09710665996653978,-1.6922195648329628,-0.33801099962998266,-1.6101656336525503,-0.0716733244773029,0.10836028350719076,-0.18739847604462975,-0.05334843463818649,1.8364277688405277,-1.2670047604617285,-1.1522179267733936,-0.13188301276741593,False,False,False,False,False,False,False,True,False,False,False,False,False,False,False,False,False,False,False,False,False,True,False,True,False,True,False,False,False,True,False,False,False,False,False,False,True,False,False,False,False,False,True,False,True,False,False,False,False,False
1.7434704321932961,0.9266427733973599,-0.5754194797415013,-0.41027076656104916,-0.09710665996653978,-1.6922195648329628,-0.32838466875224287,-1.6101656336525503,-0.0716733244773029,0.10836028350719076,-0.18739847604462975,-0.05334843463818649,1.8364277688405277,-1.2670047604617285,-1.1522179267733936,0.14151338225944596,False,False,False,False,False,False,False,True,False,False,False,False,False,False,False,False,False,False,False,False,False,True,False,True,False,True,False,False,False,True,False,False,False,False,False,False,True,False,False,False,False,False,True,False,True,False,False,False,False,False
1.7434704321932961,0.9266427733973599,-0.5754194797415013,-0.41027076656104916,-0.09710665996653978,-1.6922195648329628,-0.10697905856422799,-1.315105336076102,-0.0716733244773029,0.10836028350719076,-0.18739847604462975,0.9049984453312986,1.8364277688405277,-1.4214256735976705,-1.1522179267733936,0.44528715451151474,False,False,False,False,False,False,False,True,False,False,False,False,False,False,False,False,False,False,False,False,False,True,False,True,False,True,False,False,False,True,False,False,False,False,False,False,True,False,False,False,False,False,True,False,False,False,False,True,False,False
0.13350899705984703,0.2647550781135315,0.007227255672732204,0.304760112461403,0.2767311859140422,-0.010206149220255032,-0.32838466875224287,-0.07585208625501888,0.2244079151770568,0.4279841413341542,-0.3892993436791013,-0.532521874622929,-0.6852648414568197,0.12278345776174923,0.19795169843899854,-0.5875436711455191,False,False,False,False,False,False,False,True,False,False,False,False,False,False,False,False,False,False,False,False,False,True,False,True,False,True,False,False,True,False,False,False,False,True,False,False,False,False,True,False,False,False,False,True,False,False,False,False,False,False
-0.6714717205068775,-0.17650338540902072,0.007227255672732204,0.304760112461403,0.2767311859140422,0.7282387649511761,-0.280253014363544,-0.07585208625501888,0.2244079151770568,0.4279841413341542,-0.3892993436791013,-0.532521874622929,-0.6852648414568197,0.12278345776174923,0.19795169843899854,-0.6407040812896312,False,False,False,False,False,False,False,True,False,False,False,False,False,False,False,False,False,False,False,False,False,True,False,False,False,False,True,False,True,False,False,False,False,True,False,False,False,False,True,False,False,False,False,True,False,False,False,False,False,False
0.13350899705984703,0.2647550781135315,0.007227255672732204,0.304760112461403,0.2767311859140422,-0.010206149220255032,-0.32838466875224287,-0.07585208625501888,0.2244079151770568,0.4279841413341542,-0.3892993436791013,-0.532521874622929,-0.6852648414568197,0.12278345776174923,0.19795169843899854,-0.3217416204249589,False,False,False,False,False,False,False,True,False,False,False,False,False,False,False,False,False,False,False,False,False,True,False,True,False,True,False,False,True,False,False,False,False,True,False,False,False,False,True,False,False,False,False,True,False,False,False,False,False,False
-0.6714717205068775,-0.17650338540902072,0.007227255672732204,0.304760112461403,0.2767311859140422,0.7282387649511761,-0.280253014363544,-0.07585208625501888,0.2244079151770568,0.4279841413341542,-0.3892993436791013,-0.532521874622929,-0.6852648414568197,0.12278345776174923,0.19795169843899854,-0.37490203056907095,False,False,False,False,False,False,False,True,False,False,False,False,False,False,False,False,False,False,False,False,False,True,False,False,False,False,True,False,True,False,False,False,False,True,False,False,False,False,True,False,False,False,False,True,False,False,False,False,False,False
-0.6714717205068775,-0.17650338540902072,0.007227255672732204,0.304760112461403,0.2767311859140422,0.7282387649511761,-0.21671923057046144,-0.07585208625501888,0.2244079151770568,0.4279841413341542,3.1692034483784566,-1.0962553334285086,-1.000476417743988,1.666992589121169,1.6981401708972121,-0.291364243199752,False,False,False,False,False,False,False,True,False,False,False,False,False,False,False,False,False,False,False,False,False,False,False,False,False,False,True,False,True,False,False,False,False,True,False,False,False,False,True,False,False,False,False,False,False,True,False,False,False,False
-0.6714717205068775,-0.17650338540902072,0.007227255672732204,0.304760112461403,0.2767311859140422,0.7282387649511761,-0.25137402173032464,-0.07585208625501888,0.2244079151770568,0.4279841413341542,-0.3892993436791013,-0.532521874622929,-0.6852648414568197,0.12278345776174923,0.19795169843899854,-0.22301514444303658,False,False,False,False,False,False,False,True,False,False,False,False,False,False,False,False,False,False,False,False,False,True,False,False,False,True,False,False,True,False,False,False,False,True,False,False,False,False,True,False,False,False,False,True,False,False,False,False,False,False
-0.6714717205068775,-0.0819480003684738,1.0226972802518264,0.07725028731789485,0.0898122629737479,0.2769668729575225,0.22031619127892443,0.4552564493825882,1.5937836485784678,-0.307150731667861,-0.5407249944049548,0.48219835122711396,-0.26498273974059505,-0.9581629341898447,-0.5521425377901082,0.8455090994536153,False,False,False,False,False,False,False,True,False,False,False,False,False,False,False,False,False,False,False,False,False,True,False,False,False,False,True,False,False,True,False,False,False,True,False,False,False,False,True,False,False,False,False,False,False,False,False,True,False,False
-0.6714717205068775,-0.17650338540902072,1.0226972802518264,0.07725028731789485,0.0898122629737479,0.2769668729575225,0.2780741765453631,0.2782202708367192,0.37244853500423664,1.2270437859015622,2.9925401891982943,-0.8707619499062766,-1.9461111466054932,0.8948880234414591,1.2480836291597481,0.8552298601656816,False,False,False,False,False,False,False,True,False,False,False,False,False,False,False,False,False,False,False,False,False,False,False,False,False,False,True,False,False,True,False,False,False,True,False,False,False,False,True,False,False,False,False,False,False,True,False,False,False,False
-1.476452438073602,-0.8699095423730313,1.87169680899828,1.369181080097097,2.0524609538468117,1.1384859394908609,1.847166109616947,1.724015728961316,0.9276008593561602,1.2270437859015622,2.86635214692675,0.5667583700479509,-1.6308995703183249,-0.4949001947820187,-0.852180232281751,1.9500305353621374,False,False,False,False,False,False,False,False,True,False,False,False,False,False,False,False,False,False,False,False,False,False,True,False,False,False,True,False,False,True,False,False,False,True,False,False,False,True,False,False,False,False,False,False,False,True,False,False,False,False
-1.476452438073602,-0.8699095423730313,1.87169680899828,1.369181080097097,2.0524609538468117,2.041029723478168,2.299603660870716,1.724015728961316,0.9276008593561602,1.2270437859015622,2.86635214692675,0.5667583700479509,-1.6308995703183249,-0.4949001947820187,-0.852180232281751,2.359517580357926,False,False,False,False,False,False,False,False,True,False,False,False,False,False,False,False,False,False,False,False,False,False,True,False,False,False,False,True,False,True,False,False,False,True,False,False,False,True,False,False,False,False,False,False,False,True,False,False,False,False
-0.6714717205068775,-0.8699095423730313,1.3223441727505745,1.092919149565695,2.0524609538468117,0.4820904602273648,1.8086607861059878,1.724015728961316,0.9276008593561602,1.2270437859015622,2.86635214692675,0.5667583700479509,-1.6308995703183249,-0.4949001947820187,-0.852180232281751,2.3485817245568517,False,False,False,False,False,False,False,False,True,False,False,False,False,False,False,False,False,False,False,False,False,False,True,True,True,False,False,False,False,True,False,False,False,True,False,False,False,True,False,False,False,False,False,False,False,True,False,False,False,False
-1.476452438073602,-0.8699095423730313,2.8039315856610525,2.319847135161037,2.706677184137835,1.0564365045829227,2.3381089843816754,1.724015728961316,0.9276008593561602,1.2270437859015622,2.86635214692675,0.5667583700479509,-1.6308995703183249,-0.4949001947820187,-0.852180232281751,2.5600082700442917,False,False,False,False,False,False,False,False,True,False,False,False,False,False,False,False,False,False,False,False,False,False,True,False,False,False,True,False,False,True,False,False,False,True,False,False,False,True,False,False,False,False,False,False,False,True,False,False,False,False
-1.476452438073602,-0.17650338540902072,2.8039315856610525,2.319847135161037,2.706677184137835,1.1384859394908609,2.2803509991152366,2.432160443144792,0.4834789998746207,-0.4989250463640391,-0.4650121690420278,1.468731904136878,-0.7903353668858758,-1.4214256735976705,-1.9023121630025006,2.5600082700442917,False,False,False,False,False,False,False,False,True,False,False,False,False,False,False,False,False,False,False,False,False,True,False,False,False,False,True,False,False,True,False,False,False,False,False,True,False,False,False,False,False,False,False,False,False,False,False,True,False,False
1.7434704321932961,0.6744950799559014,-0.3590078351590722,0.507893884910963,2.145920415316959,-1.1999229553853428,2.1744613594600994,2.432160443144792,0.4834789998746207,-0.4989250463640391,-0.4650121690420278,1.468731904136878,-0.7903353668858758,-1.4214256735976705,-1.9023121630025006,2.5600082700442917,False,False,False,False,False,False,False,False,True,False,False,False,False,False,False,False,False,False,False,False,False,True,False,True,False,False,False,False,False,True,False,False,False,False,False,True,False,False,False,False,False,False,False,False,False,False,False,True,False,False
-0.6714717205068775,-0.17650338540902072,3.6862252135740365,2.766741434550069,2.706677184137835,1.220535374398799,2.58839358720291,2.432160443144792,1.7418242684056477,0.30013459820336885,-0.5407249944049548,2.2861454194049684,-1.3156879940311565,-1.7302674998695544,-2.202349857494143,2.5600082700442917,False,False,False,False,False,False,False,False,True,False,False,False,False,False,False,False,False,False,False,False,False,True,False,False,False,False,True,False,False,True,False,False,False,False,False,True,False,False,False,False,False,False,False,False,False,False,False,True,False,False
0.13350899705984703,-0.17650338540902072,2.2046378006635563,2.0435852046296348,2.8468663763430526,0.6872140474972072,2.2322193447265377,2.432160443144792,1.7418242684056477,0.30013459820336885,-0.5407249944049548,2.2861454194049684,-1.3156879940311565,-1.7302674998695544,-2.202349857494143,2.5600082700442917,False,False,False,False,False,False,False,False,True,False,False,False,False,False,False,False,False,False,False,False,False,True,False,True,True,False,False,False,False,True,False,False,False,False,False,True,False,False,False,False,False,False,False,False,False,False,False,True,False,False
0.13350899705984703,-0.17650338540902072,0.6564621894200219,0.35351221784929693,0.977677146940136,0.4410657427733958,0.6823800734104337,0.4552564493825882,1.6678039584920579,-0.4350002747986464,-0.5407249944049548,2.0324653629424576,-0.26498273974059505,-0.9581629341898447,-1.0021990795275724,0.5756061028076522,False,False,False,False,False,False,False,False,False,True,False,False,False,False,False,False,False,False,False,False,False,True,True,True,False,True,False,False,False,True,False,False,False,True,False,False,False,False,True,False,False,False,False,False,False,False,False,True,False,False
0.9384897146265716,1.2733458518793652,-0.8417722730737214,-1.360936821624989,-0.7045931595224864,-1.1999229553853428,-1.2274839727331381,-0.9610329789843639,-1.33001859300833,-0.08341403118898731,-0.18739847604462975,-0.9835086416673926,0.7857225145499663,1.821413502257111,1.5481213236513909,-1.1124647495970938,False,False,False,False,False,False,False,False,False,False,True,False,False,False,False,False,False,False,False,False,False,True,False,True,False,True,False,False,True,False,False,False,False,True,False,False,False,False,True,False,False,False,False,True,False,False,False,False,False,False
0.9384897146265716,1.2733458518793652,-0.8417722730737214,-1.360936821624989,-0.7045931595224864,-1.1999229553853428,-1.1774270521688912,-0.9610329789843639,-1.33001859300833,-0.08341403118898731,-0.18739847604462975,-0.9835086416673926,0.7857225145499663,0.8948880234414591,1.0980647819139266,-0.9909552406962664,False,False,False,False,False,False,False,False,False,False,True,False,False,False,False,False,False,False,False,False,False,True,False,True,False,True,False,False,True,False,False,False,False,True,False,False,False,False,True,False,False,False,False,True,False,False,False,False,False,False
0.9384897146265716,1.2733458518793652,-0.8417722730737214,-1.360936821624989,-0.7045931595224864,-1.1999229553853428,-1.061911081636014,-0.9610329789843639,-1.33001859300833,-0.08341403118898731,-0.18739847604462975,-0.9835086416673926,0.7857225145499663,0.8948880234414591,1.0980647819139266,-0.9180495353557699,False,False,False,False,False,False,False,False,False,False,True,False,False,False,False,False,False,False,False,False,False,True,False,True,False,True,False,False,True,False,False,False,False,True,False,False,False,False,True,False,False,False,False,True,False,False,False,False,False,False
0.13350899705984703,1.2733458518793652,-0.9583016201565685,-1.360936821624989,-0.9849715439329279,-1.1999229553853428,-0.7904485508837522,-0.783996800438495,-1.1079576632675618,0.4279841413341542,-0.6416754282221906,-0.025161761697907518,0.7857225145499663,-0.18605836851013471,-0.10208599605264418,-0.7631249115072148,False,False,False,False,False,False,False,False,False,False,True,False,False,False,False,False,False,False,False,False,False,True,True,True,False,True,False,False,True,False,False,False,False,True,False,False,False,False,True,False,False,False,False,False,False,False,False,False,True,False
1.7434704321932961,1.0211981584379068,-0.40894898390886314,-0.08525673064175315,-0.2372958521717572,-1.7742689997409007,-0.3572636613854622,-0.4299244433467569,-0.5898154938724324,0.6517208418130279,-0.6669130366764994,0.3694516594659981,0.7857225145499663,-0.3404792816460767,-0.10208599605264418,-0.41834168000111677,False,False,False,False,False,False,False,False,False,False,True,False,False,False,False,False,False,False,False,False,False,True,True,True,False,True,False,False,True,False,False,False,False,True,False,False,False,False,True,False,False,False,False,False,False,False,False,False,True,False
1.7434704321932961,1.0211981584379068,-0.40894898390886314,-0.08525673064175315,-0.2372958521717572,-1.7742689997409007,-0.43812484075847635,-0.07585208625501888,0.07636729534987695,0.6517208418130279,-0.41453695213341013,-0.41977518286181315,-0.26498273974059505,-0.03163745537419274,0.19795169843899854,-0.640096533745127,False,False,False,False,False,False,False,False,False,False,True,False,False,False,False,False,False,False,False,False,False,True,False,True,False,True,False,False,True,False,False,False,False,True,False,False,False,False,True,False,False,False,False,True,False,False,False,False,False,False
1.7434704321932961,-0.17650338540902072,-0.475537182241917,-0.06900602884578928,0.18327172444389506,-1.4460712601091512,0.5341345778932411,0.9273529255049056,0.9276008593561602,1.9302162731208803,-0.7931010789480439,1.1868651747340884,-0.26498273974059505,-0.9581629341898447,-1.0021990795275724,-0.012803694044604977,False,False,False,False,False,False,False,False,False,False,True,False,False,False,False,False,False,False,False,False,False,True,True,True,False,True,False,False,True,False,False,False,False,True,False,False,False,False,True,False,False,False,False,False,False,False,False,False,True,False
1.7434704321932961,-0.17650338540902072,-0.475537182241917,-0.06900602884578928,0.18327172444389506,-1.4460712601091512,0.7035580013414613,0.9273529255049056,0.9646110143129544,1.9302162731208803,-0.7931010789480439,1.1868651747340884,-0.26498273974059505,-0.9581629341898447,-1.0021990795275724,0.32742293087771207,False,False,False,False,False,False,False,False,False,False,True,False,False,False,False,False,False,False,False,False,False,True,True,True,False,True,False,False,True,False,False,False,False,True,False,False,False,False,True,False,False,False,False,False,False,False,False,False,True,False
1.7434704321932961,-0.17650338540902072,-0.475537182241917,-0.06900602884578928,0.18327172444389506,-1.4460712601091512,0.7131843322192011,0.9273529255049056,0.9646110143129544,1.9302162731208803,-0.7931010789480439,1.1868651747340884,-0.26498273974059505,-0.9581629341898447,-1.0021990795275724,0.269705914149819,False,False,False,False,False,False,False,False,False,False,True,False,False,False,False,False,False,False,False,False,False,True,True,True,False,True,False,False,True,False,False,False,False,True,False,False,False,False,True,False,False,False,False,False,False,False,False,False,True,False
0.13350899705984703,0.1386812313928023,-0.40894898390886314,-0.13400883602964708,-0.2372958521717572,-0.8717252157535934,-0.36688999226320196,-0.07585208625501888,0.07636729534987695,0.6517208418130279,-0.41453695213341013,-0.41977518286181315,-0.26498273974059505,-0.03163745537419274,0.19795169843899854,-0.8694457317954389,False,False,False,False,False,False,False,False,False,False,True,False,False,False,False,False,False,False,False,False,False,True,False,False,False,False,True,False,True,False,False,False,False,True,False,False,False,False,True,False,False,False,False,True,False,False,False,False,False,False
0.13350899705984703,0.1386812313928023,-0.40894898390886314,-0.13400883602964708,-0.2372958521717572,-0.8717252157535934,-0.2898793452412838,-0.07585208625501888,0.07636729534987695,0.6517208418130279,-0.41453695213341013,-0.41977518286181315,-0.26498273974059505,-0.03163745537419274,0.19795169843899854,-0.6871814684441977,False,False,False,False,False,False,False,False,False,False,True,False,False,False,False,False,False,False,False,False,False,True,False,False,False,False,True,False,True,False,False,False,False,True,False,False,False,False,True,False,False,False,False,True,False,False,False,False,False,False
0.13350899705984703,0.1386812313928023,-0.40894898390886314,-0.13400883602964708,-0.2372958521717572,-0.8717252157535934,-0.2937298775923797,-0.4299244433467569,-0.5898154938724324,0.6517208418130279,-0.6669130366764994,0.3694516594659981,0.7857225145499663,-0.3404792816460767,-0.10208599605264418,-0.5216247625668202,False,False,False,False,False,False,False,False,False,False,True,False,False,False,False,False,False,False,False,False,False,True,True,False,False,False,True,False,True,False,False,False,False,True,False,False,False,False,True,False,False,False,False,False,False,False,False,False,True,False
-1.476452438073602,0.51690277155499,-0.40894898390886314,-0.13400883602964708,-0.2372958521717572,-0.8717252157535934,-0.2937298775923797,-0.4299244433467569,-0.5898154938724324,0.6517208418130279,-0.6669130366764994,0.3694516594659981,0.7857225145499663,-0.3404792816460767,-0.10208599605264418,-0.5216247625668202,False,False,False,False,False,False,False,False,False,False,True,False,False,False,False,False,False,False,False,False,False,True,False,False,False,False,True,False,True,False,False,False,False,True,False,False,False,False,True,False,False,False,False,False,False,False,False,False,True,False
0.13350899705984703,0.23323661643334923,-0.7085958764076113,-0.7109087497863971,-0.9849715439329279,0.3179915904114915,-1.2833166918240289,-0.8135028301961398,-0.6638358037860222,0.10836028350719076,-0.18739847604462975,-0.9553219687271136,0.1552993619756295,0.8948880234414591,0.9480459346681054,-1.09575719212323,False,False,False,False,False,False,False,False,False,False,False,True,False,False,False,False,False,False,False,False,False,True,False,True,False,False,True,False,True,False,False,False,False,True,False,False,False,False,True,False,False,False,False,True,False,False,False,False,False,False
0.13350899705984703,0.23323661643334923,-0.7085958764076113,-0.7109087497863971,-0.9849715439329279,0.3179915904114915,-1.0368826213538904,-0.6364666516502707,-1.25599828309474,0.683683227595725,2.967302580743985,-1.3499353898910191,-0.6852648414568197,3.056780807344647,2.5232438307492298,-0.8527381743215752,False,False,False,False,False,False,False,False,False,False,False,True,False,False,False,False,False,False,False,False,False,False,False,True,False,False,True,False,True,False,False,False,False,True,False,False,False,False,True,False,False,False,False,False,False,True,False,False,False,False
0.13350899705984703,0.23323661643334923,-0.7085958764076113,-0.7109087497863971,-0.9849715439329279,0.3179915904114915,-1.2274839727331381,-0.8135028301961398,-0.6638358037860222,0.10836028350719076,-0.18739847604462975,-0.9553219687271136,0.1552993619756295,0.8948880234414591,0.9480459346681054,-0.9210872730782906,False,False,False,False,False,False,False,False,False,False,False,True,False,False,False,False,False,False,False,False,False,True,False,True,False,False,True,False,True,False,False,False,False,True,False,False,False,False,True,False,False,False,False,True,False,False,False,False,False,False
0.13350899705984703,0.0441258463522554,-0.7085958764076113,-0.7109087497863971,-0.9849715439329279,0.3179915904114915,-1.188978649222179,-0.8135028301961398,-0.6638358037860222,0.10836028350719076,-0.18739847604462975,-0.9553219687271136,0.1552993619756295,0.8948880234414591,0.9480459346681054,-0.8907098958530837,False,False,False,False,False,False,False,False,False,False,False,True,False,False,False,False,False,False,False,False,False,True,False,False,False,False,True,False,True,False,False,False,False,True,False,False,False,False,True,False,False,False,False,True,False,False,False,False,False,False
0.13350899705984703,-0.5547249255712083,-0.7085958764076113,-0.3127665557852613,-0.9849715439329279,-0.09225558412819312,-1.0234057581250549,-0.8135028301961398,-0.6638358037860222,0.10836028350719076,-0.18739847604462975,-0.9553219687271136,0.1552993619756295,0.8948880234414591,0.9480459346681054,-0.8147664527900665,False,False,False,False,False,False,False,False,False,False,False,True,False,False,False,False,False,False,False,False,False,True,False,False,False,False,False,True,True,False,False,False,False,True,False,False,False,False,True,False,False,False,False,True,False,False,False,False,False,False
0.13350899705984703,0.23323661643334923,-0.7085958764076113,-0.7109087497863971,-0.9849715439329279,0.3179915904114915,-1.1639501889400556,-0.8135028301961398,-0.6638358037860222,0.10836028350719076,-0.18739847604462975,-0.9553219687271136,0.1552993619756295,0.8948880234414591,0.9480459346681054,-0.8223607970963682,False,False,False,False,False,False,False,False,False,False,False,True,False,False,False,False,False,False,False,False,False,True,False,True,False,False,True,False,True,False,False,False,False,True,False,False,False,False,True,False,False,False,False,True,False,False,False,False,False,False
0.13350899705984703,0.23323661643334923,-0.7085958764076113,-0.6865326970924512,-0.9849715439329279,-0.17430501903613121,-1.015704693422863,-0.8135028301961398,-0.6638358037860222,0.10836028350719076,-0.18739847604462975,-0.9553219687271136,0.1552993619756295,0.8948880234414591,0.9480459346681054,-0.7464173540333511,False,False,False,False,False,False,False,False,False,False,False,True,False,False,False,False,False,False,False,False,False,True,False,True,False,True,False,False,True,False,False,False,False,True,False,False,False,False,True,False,False,False,False,True,False,False,False,False,False,False
0.13350899705984703,0.0441258463522554,-0.7085958764076113,-0.7109087497863971,-0.9849715439329279,0.3179915904114915,-1.1254448654290965,-0.8135028301961398,-0.6638358037860222,0.10836028350719076,-0.18739847604462975,-0.9553219687271136,0.1552993619756295,0.8948880234414591,0.9480459346681054,-0.7919834198711614,False,False,False,False,False,False,False,False,False,False,False,True,False,False,False,False,False,False,False,False,False,True,False,False,False,False,True,False,True,False,False,False,False,True,False,False,False,False,True,False,False,False,False,True,False,False,False,False,False,False
0.13350899705984703,-0.5547249255712083,-0.7085958764076113,-0.3127665557852613,-0.9849715439329279,-0.09225558412819312,-0.9983772978429314,-0.8135028301961398,-0.6638358037860222,0.10836028350719076,-0.18739847604462975,-0.9553219687271136,0.1552993619756295,0.8948880234414591,0.9480459346681054,-0.7160399768081442,False,False,False,False,False,False,False,False,False,False,False,True,False,False,False,False,False,False,False,False,False,True,False,False,False,False,False,True,True,False,False,False,False,True,False,False,False,False,True,False,False,False,False,True,False,False,False,False,False,False
0.9384897146265716,1.4939750836406414,-0.6087135789080294,-0.9465439258278872,-0.9849715439329279,-0.17430501903613121,-1.054210016933822,-0.8135028301961398,-0.6638358037860222,0.10836028350719076,-0.18739847604462975,-0.9553219687271136,0.1552993619756295,0.8948880234414591,0.9480459346681054,-0.6780682552766356,False,False,False,False,False,False,False,False,False,False,False,True,False,False,False,False,False,False,False,False,False,True,False,True,True,False,False,False,True,False,False,False,False,True,False,False,False,False,True,False,False,False,False,True,False,False,False,False,False,False
-0.6714717205068775,-0.46016954053066145,-0.25912553765948787,-0.052755327049823095,-0.33075531364190436,0.40004102531942964,-0.44582590546066814,-0.13486414577030856,0.0023469854362870237,0.683683227595725,-0.41453695213341013,-0.16609512639930238,0.1552993619756295,0.27720437089769123,0.49798939293064126,-0.5717474349884115,False,False,False,False,False,False,False,False,False,False,False,True,False,False,False,False,False,False,False,False,False,True,False,False,False,True,False,False,True,False,False,False,False,True,False,False,False,False,True,False,False,False,False,True,False,False,False,False,False,False
-0.6714717205068775,-0.46016954053066145,-0.25912553765948787,-0.052755327049823095,-0.33075531364190436,0.40004102531942964,-0.4881817613227232,-0.13486414577030856,0.0023469854362870237,0.683683227595725,-0.41453695213341013,-0.16609512639930238,0.1552993619756295,0.27720437089769123,0.49798939293064126,-0.4806153033127909,False,False,False,False,False,False,False,False,False,False,False,True,False,False,False,False,False,False,False,False,False,True,False,False,False,False,True,False,True,False,False,False,False,True,False,False,False,False,True,False,False,False,False,True,False,False,False,False,False,False
-0.6714717205068775,0.23323661643334923,0.27358004900495464,0.6216487974827147,0.2767311859140422,0.5641398951353029,1.0385543158868056,1.6650036694460264,0.37244853500423664,0.04443551194179807,-0.2883489098618655,1.3841718853160412,0.1552993619756295,-1.2670047604617285,-1.3022367740192151,0.11933789688504494,False,False,False,False,False,False,False,False,False,False,False,True,False,False,False,False,False,False,False,False,False,True,False,False,False,False,True,False,True,False,False,False,False,False,False,True,False,False,False,True,False,False,False,False,False,False,False,True,False,False
-0.6714717205068775,-0.39713261717029685,0.27358004900495464,0.8572839735242048,0.2767311859140422,0.9743870696749876,1.4255328171719446,1.6650036694460264,0.37244853500423664,0.04443551194179807,-0.2883489098618655,1.3841718853160412,0.1552993619756295,-1.2670047604617285,-1.3022367740192151,0.2560360943984759,False,False,False,False,False,False,False,False,False,False,False,True,False,False,False,False,False,False,False,False,False,True,False,False,False,False,False,True,True,False,False,False,False,False,False,True,False,False,False,True,False,False,False,False,False,False,False,True,False,False
-0.6714717205068775,-0.39713261717029685,0.27358004900495464,0.8572839735242048,0.2767311859140422,0.5641398951353029,0.9711699997426271,1.6650036694460264,0.37244853500423664,0.04443551194179807,-0.2883489098618655,1.3841718853160412,0.1552993619756295,-0.9581629341898447,-0.852180232281751,0.11933789688504494,False,False,False,False,False,False,False,False,False,False,False,True,False,False,False,False,False,False,False,False,False,True,False,False,False,False,True,False,True,False,False,False,False,False,False,True,False,False,False,True,False,False,False,False,False,False,False,True,False,False
1.7434704321932961,2.313455087325381,-1.2413014630720538,-0.27213980129534926,0.9309474162050657,-1.6511948473789937,0.9923479276736545,1.6650036694460264,0.37244853500423664,0.04443551194179807,-0.2883489098618655,1.6096652688382729,0.1552993619756295,-0.9581629341898447,-0.852180232281751,0.6813193755513721,False,False,False,False,False,False,False,False,False,False,False,True,False,False,False,False,False,False,False,False,False,True,False,True,False,True,False,False,False,True,False,False,False,False,False,True,False,False,False,True,False,False,False,False,False,False,False,True,False,False
1.7434704321932961,2.313455087325381,-1.2413014630720538,-0.27213980129534926,0.9309474162050657,-1.6511948473789937,1.1232660276109157,1.6650036694460264,0.37244853500423664,0.04443551194179807,-0.5912002113135727,2.3143320923452473,0.1552993619756295,-1.2670047604617285,-1.1522179267733936,1.061036590866458,False,False,False,False,False,False,False,False,False,False,False,True,False,False,False,False,False,False,False,False,False,True,True,True,False,True,False,False,False,True,False,False,False,False,False,True,False,False,False,True,False,False,False,False,False,False,False,True,False,False
0.13350899705984703,3.479638169492126,0.07381545400578841,0.36163756874727887,0.9309474162050657,-1.6511948473789937,1.1232660276109157,1.6650036694460264,0.37244853500423664,0.04443551194179807,-0.2883489098618655,1.6096652688382729,0.1552993619756295,-0.9581629341898447,-0.852180232281751,0.8635836389026135,False,False,False,False,False,False,False,False,False,False,False,True,False,False,False,False,False,False,False,False,False,True,False,True,False,True,False,False,False,True,False,False,False,False,False,True,False,False,False,True,False,False,False,False,False,False,False,True,False,False
-0.6714717205068775,1.2733458518793652,1.5221087677497407,1.0279163423818347,1.1645960698804303,1.220535374398799,0.8941593527207089,-0.13486414577030856,0.4834789998746207,-0.2112635743197727,-0.43977456058771897,-0.16609512639930238,-0.26498273974059505,-0.9581629341898447,-1.0021990795275724,-0.12352923403048405,False,False,False,False,False,False,False,False,False,False,False,False,True,False,False,False,False,False,False,False,False,True,False,False,False,False,True,False,False,True,False,False,True,False,False,False,False,False,True,False,False,False,False,False,False,False,False,True,False,False
-0.6714717205068775,1.2733458518793652,1.5221087677497407,1.0279163423818347,1.1645960698804303,1.220535374398799,1.234931465792697,0.8093288064743263,1.3717227188376997,0.843495156509206,2.740164104655205,-0.22246847227986033,-2.0511816720345495,0.4316252840336332,0.3479705456848199,0.07392371793336065,False,False,False,False,False,False,False,False,False,False,False,False,True,False,False,False,False,False,False,False,False,False,True,False,False,False,True,False,False,True,False,False,True,False,False,False,False,False,True,False,False,False,False,False,False,True,False,False,False,False
-0.6714717205068775,-0.17650338540902072,2.5708728914953607,2.019209151935689,1.1645960698804303,2.041029723478168,1.2984652495857796,-0.13486414577030856,0.4834789998746207,-0.2112635743197727,-0.43977456058771897,-0.16609512639930238,-0.26498273974059505,-0.9581629341898447,-1.0021990795275724,-0.04151031552242548,False,False,False,False,False,False,False,False,False,False,False,False,True,False,False,False,False,False,False,False,False,True,False,False,False,False,False,True,False,True,False,False,True,False,False,False,False,False,True,False,False,False,False,False,False,False,False,True,False,False
-0.6714717205068775,-0.17650338540902072,2.5708728914953607,2.019209151935689,1.1645960698804303,2.041029723478168,1.6835184846953706,0.8093288064743263,1.3717227188376997,0.843495156509206,2.740164104655205,-0.22246847227986033,-2.0511816720345495,-0.03163745537419274,-0.852180232281751,0.17416906277654334,False,False,False,False,False,False,False,False,False,False,False,False,True,False,False,False,False,False,False,False,False,False,True,False,False,False,False,True,False,True,False,False,True,False,False,False,False,False,True,False,False,False,False,False,False,True,False,False,False,False
-0.6714717205068775,1.2733458518793652,1.5221087677497407,1.0279163423818347,1.1645960698804303,1.220535374398799,1.0000489923758464,-0.13486414577030856,0.4834789998746207,-3.4075021525894043,-0.43977456058771897,-0.22246847227986033,-0.26498273974059505,-0.9581629341898447,-1.0021990795275724,0.4354145069133225,False,False,False,False,False,False,False,False,False,False,False,False,True,False,False,False,False,False,False,False,False,True,False,False,False,False,True,False,False,True,False,False,True,False,False,False,False,False,True,False,False,False,False,False,False,False,False,True,False,False
-0.6714717205068775,1.2733458518793652,1.5221087677497407,1.0279163423818347,1.1645960698804303,1.220535374398799,1.3408211054478345,0.8093288064743263,1.3717227188376997,0.843495156509206,2.740164104655205,-0.22246847227986033,-2.0511816720345495,0.4316252840336332,0.3479705456848199,0.6359051965996879,False,False,False,False,False,False,False,False,False,False,False,False,True,False,False,False,False,False,False,False,False,False,True,False,False,False,True,False,False,True,False,False,True,False,False,False,False,False,True,False,False,False,False,False,False,True,False,False,False,False
-0.6714717205068775,-0.17650338540902072,2.5708728914953607,2.019209151935689,1.1645960698804303,1.220535374398799,1.404354889240917,-0.13486414577030856,0.4834789998746207,-3.4075021525894043,-0.43977456058771897,-0.22246847227986033,-0.26498273974059505,-0.9581629341898447,-1.0021990795275724,0.6047683849438509,False,False,False,False,False,False,False,False,False,False,False,False,True,False,False,False,False,False,False,False,False,True,False,False,False,False,False,True,False,True,False,False,True,False,False,False,False,False,True,False,False,False,False,False,False,False,False,True,False,False
-0.6714717205068775,-0.17650338540902072,2.5708728914953607,2.019209151935689,1.1645960698804303,2.041029723478168,1.7894081243505082,0.8093288064743263,1.3717227188376997,0.843495156509206,2.740164104655205,-0.22246847227986033,-2.0511816720345495,-0.03163745537419274,-0.852180232281751,0.6624854016717439,False,False,False,False,False,False,False,False,False,False,False,False,True,False,False,False,False,False,False,False,False,False,True,False,False,False,False,True,False,True,False,False,True,False,False,False,False,False,True,False,False,False,False,False,False,True,False,False,False,False
-0.6714717205068775,1.2733458518793652,1.5221087677497407,1.0279163423818347,1.1645960698804303,1.220535374398799,1.0000489923758464,-0.13486414577030856,0.4834789998746207,-0.2112635743197727,-0.43977456058771897,-0.16609512639930238,-0.26498273974059505,-0.9581629341898447,-1.0021990795275724,0.5948957373456586,False,False,False,False,False,False,False,False,False,False,False,False,True,False,False,False,False,False,False,False,False,True,False,False,False,False,True,False,False,True,False,False,True,False,False,False,False,False,True,False,False,False,False,False,False,False,False,True,False,False
-0.6714717205068775,1.2733458518793652,1.5221087677497407,1.0279163423818347,1.1645960698804303,1.220535374398799,1.3408211054478345,0.8093288064743263,1.3717227188376997,0.843495156509206,2.740164104655205,-0.22246847227986033,-2.0511816720345495,0.4316252840336332,0.3479705456848199,0.795386427032024,False,False,False,False,False,False,False,False,False,False,False,False,True,False,False,False,False,False,False,False,False,False,True,False,False,False,True,False,False,True,False,False,True,False,False,False,False,False,True,False,False,False,False,False,False,True,False,False,False,False
-0.6714717205068775,1.2733458518793652,1.5387558173330036,1.0279163423818347,1.1178663391453534,0.9333623522210185,1.1059386320309839,0.2782202708367192,1.0386313242265444,-0.14733880275438,-0.7931010789480439,1.1023051559132513,0.9958635654080786,-1.1125838473257865,-1.0021990795275724,0.8257638042572308,False,False,False,False,False,False,False,False,False,False,False,False,True,False,False,False,False,False,False,False,False,True,True,False,False,False,True,False,False,True,False,False,True,False,False,False,False,False,True,False,False,False,False,False,False,False,False,True,False,False
0.13350899705984703,-0.0504295386882915,-0.8417722730737214,-1.360936821624989,-0.9849715439329279,-1.1999229553853428,-1.2274839727331381,-1.0200450384996536,-1.33001859300833,-0.08341403118898731,-0.18739847604462975,-0.9835086416673926,0.7857225145499663,1.821413502257111,1.5481213236513909,-1.0846694494360296,False,False,False,False,False,False,False,False,False,False,False,False,False,True,False,False,False,False,False,False,False,True,False,True,False,True,False,False,True,False,False,False,False,True,False,False,False,False,True,False,False,False,False,True,False,False,False,False,False,False
0.13350899705984703,-0.0504295386882915,-0.8417722730737214,-1.360936821624989,-0.9849715439329279,-1.1999229553853428,-0.8231780758680675,-0.783996800438495,-1.1079576632675618,0.4279841413341542,-0.6416754282221906,-0.025161761697907518,0.7857225145499663,-0.18605836851013471,-0.10208599605264418,-0.7224192260254376,False,False,False,False,False,False,False,False,False,False,False,False,False,True,False,False,False,False,False,False,False,True,True,True,False,True,False,False,True,False,False,False,False,True,False,False,False,False,True,False,False,False,False,False,False,False,False,False,True,False
0.13350899705984703,1.052716620118089,-0.8417722730737214,-1.360936821624989,-0.9849715439329279,-1.281972390293278,-1.1331459301312883,-1.0200450384996536,-1.33001859300833,-0.08341403118898731,-0.18739847604462975,-0.9835086416673926,0.7857225145499663,0.8948880234414591,1.0980647819139266,-0.984879765251225,False,False,False,False,False,False,False,False,False,False,False,False,False,True,False,False,False,False,False,False,False,True,False,False,False,True,False,False,True,False,False,False,False,True,False,False,False,False,True,False,False,False,False,True,False,False,False,False,False,False
0.13350899705984703,1.052716620118089,-0.8417722730737214,-0.548401731826749,-0.9849715439329279,-1.1999229553853428,-1.0907900742692331,-1.0200450384996536,-1.33001859300833,-0.08341403118898731,-0.18739847604462975,-0.9835086416673926,0.7857225145499663,0.8948880234414591,1.0980647819139266,-0.9145561369748711,False,False,False,False,False,False,False,False,False,False,False,False,False,True,False,False,False,False,False,False,False,True,False,False,False,False,True,False,True,False,False,False,False,True,False,False,False,False,True,False,False,False,False,True,False,False,False,False,False,False
0.13350899705984703,1.052716620118089,-0.8417722730737214,-0.548401731826749,-0.9849715439329279,-1.1999229553853428,-0.7018863068085462,-0.783996800438495,-1.33001859300833,-0.08341403118898731,-0.18739847604462975,-0.9835086416673926,0.7857225145499663,0.8948880234414591,1.0980647819139266,-0.7752758623972976,False,False,False,False,False,False,False,False,False,False,False,False,False,True,False,False,False,False,False,False,False,True,False,False,False,False,True,False,True,False,False,False,False,True,False,False,False,False,True,False,False,False,False,True,False,False,False,False,False,False
-1.476452438073602,-1.4687603142964951,0.7563444869196039,0.04474888372596479,-0.6111336980523459,2.492301615471819,-0.039594742420049546,-0.07585208625501888,0.07636729534987695,0.6517208418130279,-0.41453695213341013,-0.41977518286181315,-0.26498273974059505,-0.18605836851013471,-0.10208599605264418,-0.5760002677999405,False,False,False,False,False,False,False,False,False,False,False,False,False,True,False,False,False,False,False,False,False,True,False,False,False,False,False,True,True,False,False,False,False,True,False,False,False,False,True,False,False,False,False,True,False,False,False,False,False,False
1.7434704321932961,-0.17650338540902072,-0.475537182241917,-0.06900602884578928,0.18327172444389506,-1.4460712601091512,0.5052555852600219,0.9273529255049056,0.9646110143129544,1.9302162731208803,-0.7931010789480439,1.1868651747340884,-0.26498273974059505,-0.9581629341898447,-1.0021990795275724,0.007701035582409666,False,False,False,False,False,False,False,False,False,False,False,False,False,True,False,False,False,False,False,False,False,True,True,True,False,True,False,False,False,True,False,False,False,True,False,False,False,False,True,False,False,False,False,False,False,False,False,False,True,False
1.7434704321932961,2.0613073938839226,-0.7085958764076113,-0.4183961174590311,1.1178663391453534,-1.4460712601091512,0.4282449382381036,0.7798227767166813,2.2599664378007773,-0.46696266058134345,-0.16216086759032092,1.1304918288535304,0.7857225145499663,-0.9581629341898447,-0.5521425377901082,1.413262279792732,False,False,False,False,False,False,False,False,False,False,False,False,False,False,True,False,False,False,False,False,False,True,False,True,False,True,False,False,False,True,False,False,False,True,False,False,False,False,True,False,False,False,False,False,False,False,False,True,False,False
1.7434704321932961,-0.17650338540902072,-1.5409483555708021,-0.4183961174590311,-0.4242147751120515,-0.8717252157535934,0.38588908237604863,2.0485820562954093,1.5197633386648797,-1.138172762017966,-0.16216086759032092,2.3143320923452473,1.6262867179824154,-1.2670047604617285,-0.852180232281751,2.5600082700442917,False,False,False,False,False,False,False,False,False,False,False,False,False,False,True,False,False,False,False,False,False,True,False,True,True,False,False,False,False,True,True,False,False,False,True,False,False,False,False,True,False,False,False,False,False,False,False,True,False,False
1.7434704321932961,-0.17650338540902072,-1.5409483555708021,-0.4183961174590311,-0.4242147751120515,-0.8717252157535934,0.38588908237604863,2.0485820562954093,1.5197633386648797,-1.138172762017966,-0.16216086759032092,2.3143320923452473,1.6262867179824154,-1.2670047604617285,-0.852180232281751,2.5600082700442917,False,False,False,False,False,False,False,False,False,False,False,False,False,False,True,False,False,False,False,False,False,True,False,True,True,False,False,False,False,True,True,False,False,False,True,False,False,False,False,True,False,False,False,False,False,False,False,True,False,False
1.7434704321932961,-0.17650338540902072,-1.5409483555708021,-0.4183961174590311,-0.4242147751120515,-0.8717252157535934,0.47060079410015865,2.0485820562954093,1.5197633386648797,-1.138172762017966,-0.16216086759032092,2.3143320923452473,1.6262867179824154,-1.2670047604617285,-0.852180232281751,2.5600082700442917,False,False,False,False,False,False,False,False,False,False,False,False,False,False,True,False,False,False,False,False,False,True,False,True,False,False,False,False,False,True,True,False,False,False,True,False,False,False,False,True,False,False,False,False,False,False,False,True,False,False
0.13350899705984703,-0.17650338540902072,-0.05936094266032163,0.13412774360377072,2.98705556854827,-1.322997107747247,1.5603014494603014,2.3141363241142128,2.2599664378007773,-0.46696266058134345,-0.035972825318776304,2.3143320923452473,1.311075141695247,-1.2670047604617285,-0.4021236905442869,-0.3673076862627692,False,False,False,False,False,False,False,False,False,False,False,False,False,False,True,False,False,False,False,False,False,True,False,True,False,True,False,False,False,True,False,True,False,False,False,False,False,False,False,False,False,False,False,False,False,False,False,True,False,False
-0.6714717205068775,-0.17650338540902072,-0.44224308307539123,0.6053980956867508,0.2767311859140422,0.6051646125892719,0.0451169693040605,0.21920821132142948,0.4834789998746207,2.058065816251666,-0.36406173522479246,-0.22246847227986033,0.1552993619756295,-0.3404792816460767,0.04793285119317718,-0.5191945723888036,False,False,False,False,False,False,False,False,False,False,False,False,False,False,False,True,False,False,False,False,False,True,False,False,False,False,False,True,True,False,False,False,False,True,False,False,False,False,True,False,False,False,False,False,False,False,False,True,False,False
0.9384897146265716,-0.17650338540902072,-0.44224308307539123,0.22350660348157897,0.3234609166491125,-1.322997107747247,-0.18398970558614622,0.21920821132142948,0.4834789998746207,2.058065816251666,-0.36406173522479246,-0.22246847227986033,0.1552993619756295,-0.3404792816460767,0.04793285119317718,-0.428062440713183,False,False,False,False,False,False,False,False,False,False,False,False,False,False,False,True,False,False,False,False,False,True,False,True,False,True,False,False,True,False,False,False,False,True,False,False,False,False,True,False,False,False,False,False,False,False,False,True,False,False
1.7434704321932961,0.9266427733973599,0.057168404422523175,1.0197909914838528,0.2767311859140422,0.9743870696749876,0.19721299717234897,-0.1053581160126637,0.7795602395289803,-0.5948122037121288,-0.21011232365350774,0.20033162182432426,0.26036988740468564,-0.6493211079179606,-0.4021236905442869,-0.13112357833678576,False,False,False,False,False,False,False,False,False,False,False,False,False,False,False,False,True,False,False,False,False,True,False,True,False,True,False,False,True,False,False,False,False,True,False,False,False,False,True,False,False,False,False,False,False,False,False,True,False,False
0.9384897146265716,-0.523206463891026,0.057168404422523175,1.0197909914838528,0.2767311859140422,0.9743870696749876,0.2684478456676233,-0.1053581160126637,0.7795602395289803,-0.5948122037121288,-0.2126360844989386,0.20033162182432426,0.26036988740468564,-0.6493211079179606,-0.4021236905442869,-0.08251977477645477,False,False,False,False,False,False,False,False,False,False,False,False,False,False,False,False,True,False,False,False,False,True,False,False,False,False,True,False,True,False,False,False,False,True,False,False,False,False,True,False,False,False,False,False,False,False,False,True,False,False
1.7434704321932961,0.9266427733973599,0.057168404422523175,1.0197909914838528,0.2767311859140422,0.9743870696749876,0.2915510397741988,-0.1053581160126637,-2.9214552561505123,-3.7910507819817605,-0.2126360844989386,0.20033162182432426,0.26036988740468564,-0.6493211079179606,-0.4021236905442869,0.3533955884052639,False,False,False,False,False,False,False,False,False,False,False,False,False,False,False,False,True,False,False,False,False,True,False,True,False,True,False,False,True,False,False,False,False,True,False,False,False,False,True,False,False,False,False,False,False,False,False,True,False,False
0.9384897146265716,-0.523206463891026,0.057168404422523175,1.0197909914838528,0.2767311859140422,0.9743870696749876,0.3897396147271445,-0.1053581160126637,0.7795602395289803,-0.5948122037121288,-0.2126360844989386,0.20033162182432426,0.26036988740468564,-0.6493211079179606,-0.4021236905442869,0.4247824248845001,False,False,False,False,False,False,False,False,False,False,False,False,False,False,False,False,True,False,False,False,False,True,False,False,False,False,True,False,True,False,False,False,False,True,False,False,False,False,True,False,False,False,False,False,False,False,False,True,False,False
1.7434704321932961,0.9266427733973599,0.057168404422523175,1.0197909914838528,0.2767311859140422,0.9743870696749876,0.48600292350454233,-0.1053581160126637,0.7795602395289803,-0.5948122037121288,-0.2883489098618655,1.6096652688382729,0.7857225145499663,-0.9581629341898447,-0.7021613850359296,0.8257638042572308,False,False,False,False,False,False,False,False,False,False,False,False,False,False,False,False,True,False,False,False,False,True,True,True,False,True,False,False,True,False,False,False,False,False,False,False,False,False,True,False,False,False,False,False,False,False,False,True,False,False
0.9384897146265716,-0.523206463891026,0.057168404422523175,1.0197909914838528,0.2767311859140422,0.9743870696749876,0.5610883043509126,-0.1053581160126637,0.7795602395289803,-0.5948122037121288,-0.2883489098618655,1.6096652688382729,0.7857225145499663,-0.9581629341898447,-0.7021613850359296,0.897150640736467,False,False,False,False,False,False,False,False,False,False,False,False,False,False,False,False,True,False,False,False,False,True,True,False,False,False,True,False,True,False,False,False,False,False,False,False,False,False,True,False,False,False,False,False,False,False,False,True,False,False
0.9384897146265716,-1.1850941591748543,-0.8417722730737214,-1.393438225216919,-1.1718904668732189,-0.010206149220255032,-0.9733488375608079,-0.8135028301961398,1.07564147918334,-2.8641415942835673,-0.2883489098618655,-0.9553219687271136,-0.47512379059870735,0.8948880234414591,0.798027087422284,-1.1536260957372493,False,False,False,False,False,False,False,False,False,False,False,False,False,False,False,False,False,True,False,False,False,True,False,True,False,True,False,False,True,False,False,False,False,False,True,False,False,False,True,False,False,False,False,True,False,False,False,False,False,False
0.9384897146265716,-1.1850941591748543,-0.8417722730737214,-1.3121847162370952,-1.0784310054030717,-0.010206149220255032,-0.838580205272451,-0.4889365028620466,1.07564147918334,-1.9691947923680695,-0.36406173522479246,-0.8425752769659978,-1.5258290448892686,0.12278345776174923,0.04793285119317718,-0.8597249710833728,False,False,False,False,False,False,False,False,False,False,False,False,False,False,False,False,False,True,False,False,False,True,False,True,False,True,False,False,True,False,False,False,False,False,True,False,False,False,True,False,False,False,False,True,False,False,False,False,False,False
0.9384897146265716,-1.1850941591748543,-0.9083604714067776,-1.360936821624989,-0.9849715439329279,0.8102881998591143,-0.6075482642066964,-0.4889365028620466,1.07564147918334,-1.9691947923680695,-0.36406173522479246,-0.8425752769659978,-1.5258290448892686,0.12278345776174923,0.04793285119317718,-0.7761871837140538,False,False,False,False,False,False,False,False,False,False,False,False,False,False,False,False,False,True,False,False,False,True,False,True,False,True,False,False,False,False,False,False,False,False,True,False,False,False,True,False,False,False,False,True,False,False,False,False,False,False
-0.6714717205068775,-0.5862433872513907,-0.25912553765948787,-0.16651023962157716,-0.2372958521717572,-0.5025027586678777,-0.7904485508837522,-0.4889365028620466,1.07564147918334,-1.9691947923680695,-0.16216086759032092,-0.588895220503487,-0.6852648414568197,1.049308936577401,0.9480459346681054,-0.8486372283961722,False,False,False,False,False,False,False,False,False,False,False,False,False,False,False,False,False,True,False,False,False,True,False,False,False,False,True,False,True,False,False,False,False,False,True,False,False,False,True,False,False,False,False,True,False,False,False,False,False,False
-0.6714717205068775,-0.5862433872513907,-0.25912553765948787,-0.16651023962157716,-0.2372958521717572,-0.5025027586678777,-0.7038115729840941,-0.4889365028620466,1.07564147918334,-1.9691947923680695,-0.16216086759032092,-0.588895220503487,-1.5258290448892686,0.4316252840336332,0.3479705456848199,-0.7500626393003759,False,False,False,False,False,False,False,False,False,False,False,False,False,False,False,False,False,True,False,False,False,True,False,False,False,False,True,False,True,False,False,False,False,False,True,False,False,False,True,False,False,False,False,True,False,False,False,False,False,False
-0.6714717205068775,-0.5862433872513907,-0.25912553765948787,-0.16651023962157716,-0.2372958521717572,-0.5025027586678777,-0.4150216466519009,-0.4889365028620466,1.07564147918334,-1.9691947923680695,-0.2883489098618655,-0.2506551452201393,0.1552993619756295,0.12278345776174923,0.19795169843899854,-0.41818979311499077,False,False,False,False,False,False,False,False,False,False,False,False,False,False,False,False,False,True,False,False,False,True,False,False,False,False,True,False,True,False,False,False,False,False,True,False,False,False,True,False,False,False,False,False,False,False,False,True,False,False
-0.6714717205068775,-0.5862433872513907,-0.29241963682601596,-0.16651023962157716,-0.2372958521717572,0.23594215550355344,-0.32838466875224287,-0.4889365028620466,1.07564147918334,-1.9691947923680695,-0.2883489098618655,-0.588895220503487,-0.6852648414568197,-0.18605836851013471,-0.852180232281751,-0.5286115593286178,False,False,False,False,False,False,False,False,False,False,False,False,False,False,False,False,False,True,False,False,False,True,False,False,False,False,True,False,False,False,False,False,False,False,True,False,False,False,True,False,False,False,False,True,False,False,False,False,False,False
-0.6714717205068775,-0.5862433872513907,-0.29241963682601596,-0.16651023962157716,-0.2372958521717572,0.23594215550355344,-0.08772639680874843,-0.4889365028620466,1.07564147918334,-1.9691947923680695,-0.6164378197678815,0.22851829476460322,-0.6852648414568197,-0.18605836851013471,-0.25210484329846555,-0.22088872803727208,False,False,False,False,False,False,False,False,False,False,False,False,False,False,False,False,False,True,False,False,False,True,True,False,False,False,True,False,False,False,False,False,False,False,True,False,False,False,True,False,False,False,False,False,False,False,False,True,False,False
-0.6714717205068775,-0.9959833890937606,-0.29241963682601596,-0.04462997615184115,-0.2372958521717572,-0.29737917139803544,-0.5112849554292986,-0.4889365028620466,1.07564147918334,-1.9691947923680695,-0.2883489098618655,-0.588895220503487,-0.6852648414568197,0.4316252840336332,0.19795169843899854,-0.7974513477716986,False,False,False,False,False,False,False,False,False,False,False,False,False,False,False,False,False,True,False,False,False,True,False,False,False,False,False,True,True,False,False,False,False,False,True,False,False,False,True,False,False,False,False,True,False,False,False,False,False,False
-0.6714717205068775,-0.9959833890937606,-0.29241963682601596,-0.04462997615184115,-0.2372958521717572,-0.29737917139803544,-0.19361603646388598,-0.4889365028620466,1.07564147918334,-1.9691947923680695,-0.2883489098618655,-0.2506551452201393,0.1552993619756295,-0.03163745537419274,0.04793285119317718,-0.3820407142169946,False,False,False,False,False,False,False,False,False,False,False,False,False,False,False,False,False,True,False,False,False,True,False,False,False,False,False,True,True,False,False,False,False,False,True,False,False,False,True,False,False,False,False,False,False,False,False,True,False,False
-0.6714717205068775,-1.1220572358144898,-0.30906668640927887,-0.03650462525385922,-0.2372958521717572,0.4820904602273648,-0.2610003526080644,-0.4889365028620466,1.07564147918334,-1.9691947923680695,-0.2883489098618655,-0.588895220503487,-0.6852648414568197,-0.3404792816460767,-0.25210484329846555,-0.7139135604023797,False,False,False,False,False,False,False,False,False,False,False,False,False,False,False,False,False,True,False,False,False,True,False,False,False,False,False,True,False,False,False,False,False,False,True,False,False,False,True,False,False,False,False,True,False,False,False,False,False,False
-0.6714717205068775,-1.1220572358144898,-0.30906668640927887,-0.03650462525385922,-0.2372958521717572,0.4820904602273648,0.18181086776796535,-0.4889365028620466,1.07564147918334,-1.9691947923680695,-0.6164378197678815,0.22851829476460322,-0.6852648414568197,-0.3404792816460767,-1.1522179267733936,-0.15481793257244714,False,False,False,False,False,False,False,False,False,False,False,False,False,False,False,False,False,True,False,False,False,True,True,False,False,False,False,True,False,False,False,False,False,False,True,False,False,False,True,False,False,False,False,False,False,False,False,True,False,False
0.13350899705984703,-1.059020312454125,-0.5088312814084451,-1.2471819090532372,-1.0784310054030717,0.3179915904114915,-1.0984911389714251,-0.9610329789843639,-1.033937353353972,-0.7226617468429142,-0.2883489098618655,-1.1526286793090663,-0.6852648414568197,1.512571675985227,1.2480836291597481,-1.1186921119282613,False,False,False,False,False,False,False,False,False,False,False,False,False,False,False,False,False,False,True,False,False,True,False,True,False,True,False,False,True,False,False,False,False,True,False,False,False,False,True,False,False,False,False,True,False,False,False,False,False,False
0.13350899705984703,-1.059020312454125,-0.5088312814084451,-1.2471819090532372,-1.0784310054030717,0.3179915904114915,-0.9926014993162875,-0.9610329789843639,-1.033937353353972,-0.7226617468429142,-0.2883489098618655,-1.1526286793090663,-0.6852648414568197,0.8948880234414591,1.0980647819139266,-0.9683240946634873,False,False,False,False,False,False,False,False,False,False,False,False,False,False,False,False,False,False,True,False,False,True,False,True,False,True,False,False,True,False,False,False,False,True,False,False,False,False,True,False,False,False,False,True,False,False,False,False,False,False
0.13350899705984703,-1.4687603142964951,-0.5088312814084451,-1.2471819090532372,-1.0784310054030717,0.3179915904114915,-1.0407331537049864,-0.9610329789843639,-1.033937353353972,-0.7226617468429142,-0.2883489098618655,-1.1526286793090663,-0.6852648414568197,0.8948880234414591,1.0980647819139266,-0.9455410617445822,False,False,False,False,False,False,False,False,False,False,False,False,False,False,False,False,False,False,True,False,False,True,False,False,False,True,False,False,True,False,False,False,False,True,False,False,False,False,True,False,False,False,False,True,False,False,False,False,False,False
-0.6714717205068775,-1.3742049292559482,-0.5088312814084451,-0.3533933102751733,-1.0784310054030717,2.2051285932940417,-0.5305376171847782,-0.9610329789843639,-1.033937353353972,-0.7226617468429142,-0.2883489098618655,-1.1526286793090663,-0.6852648414568197,0.8948880234414591,0.9480459346681054,-0.8802297007103873,False,False,False,False,False,False,False,False,False,False,False,False,False,False,False,False,False,False,True,False,False,True,False,False,False,False,False,True,True,False,False,False,False,True,False,False,False,False,True,False,False,False,False,True,False,False,False,False,False,False
-0.6714717205068775,-1.248131082535219,-0.5088312814084451,-0.3533933102751733,-1.0784310054030717,2.2051285932940417,-0.5112849554292986,-0.9610329789843639,-1.033937353353972,-0.7226617468429142,-0.2883489098618655,-1.1526286793090663,-0.6852648414568197,0.27720437089769123,0.19795169843899854,-0.7313805523068737,False,False,False,False,False,False,False,False,False,False,False,False,False,False,False,False,False,False,True,False,False,True,False,False,False,False,False,True,False,False,False,False,False,True,False,False,False,False,True,False,False,False,False,True,False,False,False,False,False,False
-0.6714717205068775,-0.932946465733396,-0.5088312814084451,-0.3533933102751733,-1.0784310054030717,2.2051285932940417,1.067433308520025,-0.9610329789843639,-1.033937353353972,-0.7226617468429142,-0.2883489098618655,-1.1526286793090663,-0.6852648414568197,0.27720437089769123,0.19795169843899854,-0.5977200925159634,False,False,False,False,False,False,False,False,False,False,False,False,False,False,False,False,False,False,True,False,False,True,False,False,False,False,False,True,False,False,False,False,False,True,False,False,False,False,True,False,False,False,False,True,False,False,False,False,False,False
-0.6714717205068775,-0.932946465733396,-0.5088312814084451,-0.6296552408065731,-0.7045931595224864,-0.29737917139803544,-0.9136655861188213,-0.783996800438495,-0.5157951839588424,-0.7226617468429142,-0.2883489098618655,-0.9271352957868346,-0.6852648414568197,0.7404671103055172,0.9480459346681054,-0.8771919629878667,False,False,False,False,False,False,False,False,False,False,False,False,False,False,False,False,False,False,True,False,False,True,False,False,False,False,True,False,True,False,False,False,False,True,False,False,False,False,True,False,False,False,False,True,False,False,False,False,False,False
-0.6714717205068775,-0.932946465733396,-0.5088312814084451,-0.6296552408065731,-0.7045931595224864,-0.3794286063059735,-0.8597581332034786,-0.783996800438495,-0.5157951839588424,-0.7226617468429142,-0.2883489098618655,-0.9271352957868346,-0.6852648414568197,0.7404671103055172,0.9480459346681054,-0.8377013725950977,False,False,False,False,False,False,False,False,False,False,False,False,False,False,False,False,False,False,True,False,False,True,False,False,False,True,False,False,True,False,False,False,False,True,False,False,False,False,True,False,False,False,False,True,False,False,False,False,False,False
-0.6714717205068775,-0.932946465733396,-0.5088312814084451,-0.6296552408065731,-0.7045931595224864,-0.29737917139803544,-0.540163948062518,-0.4299244433467569,-0.21971394430448274,0.30013459820336885,3.1187282314698392,-1.3217487169507403,-1.3156879940311565,1.358150762849285,0.798027087422284,-0.7313805523068737,False,False,False,False,False,False,False,False,False,False,False,False,False,False,False,False,False,False,True,False,False,False,False,False,False,False,True,False,True,False,False,False,False,True,False,False,False,False,True,False,False,False,False,False,False,True,False,False,False,False
-0.6714717205068775,-0.932946465733396,-0.5088312814084451,-0.6296552408065731,-0.7045931595224864,-0.3794286063059735,-0.540163948062518,-0.4299244433467569,-0.21971394430448274,0.30013459820336885,3.1187282314698392,-1.3217487169507403,-1.3156879940311565,1.975834415393053,2.448234407126319,-0.7480881097807375,False,False,False,False,False,False,False,False,False,False,False,False,False,False,False,False,False,False,True,False,False,False,False,False,False,True,False,False,True,False,False,False,False,True,False,False,False,False,True,False,False,False,False,False,False,True,False,False,False,False
-0.6714717205068775,-0.932946465733396,-0.5088312814084451,-0.6296552408065731,-0.7045931595224864,-0.29737917139803544,-0.888637125836698,-0.783996800438495,-0.5157951839588424,-0.7226617468429142,-0.2883489098618655,-0.9271352957868346,-0.6852648414568197,1.975834415393053,2.448234407126319,-0.7556824540870392,False,False,False,False,False,False,False,False,False,False,False,False,False,False,False,False,False,False,True,False,False,True,False,False,False,False,True,False,True,False,False,False,False,True,False,False,False,False,True,False,False,False,False,True,False,False,False,False,False,False
-0.6714717205068775,-0.932946465733396,-0.5088312814084451,-0.6296552408065731,-0.7045931595224864,-0.3794286063059735,-0.8347296729213551,-0.783996800438495,-0.5157951839588424,-0.7226617468429142,-0.2883489098618655,-0.9271352957868346,-0.6852648414568197,0.4316252840336332,0.49798939293064126,-0.6615125846888978,False,False,False,False,False,False,False,False,False,False,False,False,False,False,False,False,False,False,True,False,False,True,False,False,False,True,False,False,True,False,False,False,False,True,False,False,False,False,True,False,False,False,False,True,False,False,False,False,False,False
-0.6714717205068775,-0.932946465733396,-0.5088312814084451,-0.6296552408065731,-0.7045931595224864,-0.3794286063059735,-0.800074881761492,-0.783996800438495,-0.5157951839588424,-0.7226617468429142,-0.2883489098618655,-0.9271352957868346,-0.6852648414568197,0.4316252840336332,0.49798939293064126,-0.5248143871754669,False,False,False,False,False,False,False,False,False,False,False,False,False,False,False,False,False,False,True,False,False,True,False,False,False,False,True,False,True,False,False,False,False,True,False,False,False,False,True,False,False,False,False,True,False,False,False,False,False,False
0.13350899705984703,1.4939750836406414,-0.7085958764076113,-0.4346468192549973,-0.8915120824627807,-0.46147804121390873,-0.7442421626706013,-0.783996800438495,-0.5157951839588424,-0.7226617468429142,-0.2883489098618655,-0.9271352957868346,-0.6852648414568197,0.5860461971695752,0.49798939293064126,-0.7070786505267082,False,False,False,False,False,False,False,False,False,False,False,False,False,False,False,False,False,False,True,False,False,True,False,True,False,False,True,False,False,True,False,False,False,True,False,False,False,False,True,False,False,False,False,True,False,False,False,False,False,False
0.13350899705984703,1.4939750836406414,-0.7085958764076113,-0.4346468192549973,-0.8915120824627807,-0.46147804121390873,-0.6768578465264228,-0.783996800438495,-0.5157951839588424,-0.7226617468429142,-0.2883489098618655,-0.9271352957868346,-0.6852648414568197,0.5860461971695752,0.49798939293064126,-0.679739011024022,False,False,False,False,False,False,False,False,False,False,False,False,False,False,False,False,False,False,True,False,False,True,False,True,False,True,False,False,False,True,False,False,False,True,False,False,False,False,True,False,False,False,False,True,False,False,False,False,False,False
0.13350899705984703,1.4939750836406414,-0.7085958764076113,-0.4346468192549973,-0.8915120824627807,-0.46147804121390873,-0.5594166098179976,-0.783996800438495,-0.3307444091748668,-0.5628498179294318,-0.18739847604462975,0.2567049677048822,3.0972740739892015,0.12278345776174923,-0.25210484329846555,-0.5187389117304255,False,False,False,False,False,False,False,False,False,False,False,False,False,False,False,False,False,False,True,False,False,True,False,True,False,False,True,False,False,True,False,False,False,False,False,False,False,False,True,False,False,False,False,False,False,False,False,True,False,False
0.13350899705984703,1.4939750836406414,-0.7085958764076113,-0.4346468192549973,-0.8915120824627807,-0.46147804121390873,-0.49203229367381907,-0.783996800438495,-0.3307444091748668,-0.5628498179294318,-0.18739847604462975,0.2567049677048822,3.0972740739892015,0.12278345776174923,-0.25210484329846555,-0.48228605906017724,False,False,False,False,False,False,False,False,False,False,False,False,False,False,False,False,False,False,True,False,False,True,False,True,False,True,False,False,False,True,False,False,False,False,False,False,False,False,True,False,False,False,False,False,False,False,False,True,False,False
0.9384897146265716,0.42234738651444304,-0.05936094266032163,0.17475449809368274,-0.1438363907016167,-0.7076263459377201,-0.029968411542309767,0.6322926279284572,1.07564147918334,0.7795703849438133,-0.2126360844989386,0.3694516594659981,-0.6852648414568197,-0.18605836851013471,-0.10208599605264418,-0.6476908780514287,False,False,False,False,False,False,False,False,False,False,False,False,False,False,False,False,False,False,True,False,False,True,False,True,True,False,False,False,False,True,False,False,False,True,False,False,False,False,True,False,False,False,False,False,False,False,False,True,False,False
0.9384897146265716,0.42234738651444304,-0.05936094266032163,0.17475449809368274,-0.1438363907016167,-0.7076263459377201,-0.037669476244501586,0.6322926279284572,1.07564147918334,0.7795703849438133,-0.2126360844989386,0.3694516594659981,-0.6852648414568197,-0.18605836851013471,-0.10208599605264418,-0.46694548356144777,False,False,False,False,False,False,False,False,False,False,False,False,False,False,False,False,False,False,True,False,False,True,False,True,True,False,False,False,False,True,False,False,False,True,False,False,False,False,True,False,False,False,False,False,False,False,False,True,False,False
0.9384897146265716,0.42234738651444304,-0.05936094266032163,0.17475449809368274,-0.1438363907016167,-0.7076263459377201,-0.008790483611282257,0.6322926279284572,1.07564147918334,0.7795703849438133,-0.2126360844989386,0.3694516594659981,-0.6852648414568197,-0.18605836851013471,-0.10208599605264418,-0.4137850734173358,False,False,False,False,False,False,False,False,False,False,False,False,False,False,False,False,False,False,True,False,False,True,False,True,False,True,False,False,False,True,False,False,False,True,False,False,False,False,True,False,False,False,False,False,False,False,False,True,False,False
0.9384897146265716,0.42234738651444304,-0.05936094266032163,0.17475449809368274,-0.1438363907016167,-0.7076263459377201,0.23764358685885603,0.6322926279284572,1.07564147918334,0.7795703849438133,-0.2126360844989386,0.3694516594659981,-0.6852648414568197,-0.18605836851013471,-0.10208599605264418,-0.23000194120483414,False,False,False,False,False,False,False,False,False,False,False,False,False,False,False,False,False,False,True,False,False,True,False,True,True,False,False,False,False,True,False,False,False,True,False,False,False,False,True,False,False,False,False,False,False,False,False,True,False,False
0.9384897146265716,0.42234738651444304,-0.05936094266032163,0.17475449809368274,-0.1438363907016167,-0.7076263459377201,0.3050279030030345,0.6322926279284572,1.07564147918334,0.7795703849438133,-0.2126360844989386,0.3694516594659981,-0.6852648414568197,-0.18605836851013471,-0.10208599605264418,-0.17684153106072212,False,False,False,False,False,False,False,False,False,False,False,False,False,False,False,False,False,False,True,False,False,True,False,True,False,True,False,False,False,True,False,False,False,True,False,False,False,False,True,False,False,False,False,False,False,False,False,True,False,False
0.9384897146265716,0.42234738651444304,-0.05936094266032163,0.17475449809368274,-0.1438363907016167,-0.29737917139803544,0.8075223748210508,0.6322926279284572,1.07564147918334,0.7795703849438133,-0.2126360844989386,0.3694516594659981,-0.6852648414568197,-0.18605836851013471,-0.10208599605264418,0.7527062120306084,False,False,False,False,False,False,False,False,False,False,False,False,False,False,False,False,False,False,True,False,False,True,False,True,False,False,False,False,False,True,False,False,False,True,False,False,False,False,True,False,False,False,False,False,False,False,False,True,False,False
-1.476452438073602,-1.7524264694181357,0.6065210406702309,0.12600239270578878,0.2767311859140422,0.4820904602273648,-0.44197537310957224,-0.07585208625501888,-0.0716733244773029,0.9074199280745987,-0.36406173522479246,-0.30702849110069724,-1.9461111466054932,0.5860461971695752,0.49798939293064126,-0.5718993218745375,False,False,False,False,False,False,False,False,False,False,False,False,False,False,False,False,False,False,True,False,False,True,False,False,False,False,True,False,True,False,False,False,False,True,False,False,False,False,True,False,False,False,False,False,False,False,False,True,False,False
-1.476452438073602,-1.7524264694181357,0.6065210406702309,0.12600239270578878,0.2767311859140422,0.4820904602273648,-0.1454843820751871,-0.4299244433467569,-0.21971394430448274,0.30013459820336885,3.1187282314698392,-0.8425752769659978,-1.3156879940311565,0.7404671103055172,0.3479705456848199,-0.3060972711539774,False,False,False,False,False,False,False,False,False,False,False,False,False,False,False,False,False,False,True,False,False,False,True,False,False,False,True,False,True,False,False,False,False,True,False,False,False,False,True,False,False,False,False,False,False,True,False,False,False,False
-1.476452438073602,-1.7524264694181357,0.6065210406702309,0.12600239270578878,0.2767311859140422,0.07184328568768016,-0.27255194966135216,-0.07585208625501888,-0.0716733244773029,0.9074199280745987,-0.36406173522479246,-0.30702849110069724,-1.9461111466054932,0.27720437089769123,0.19795169843899854,-0.4139369603034618,False,False,False,False,False,False,False,False,False,False,False,False,False,False,False,False,False,False,True,False,False,True,False,False,False,True,False,False,True,False,False,False,False,True,False,False,False,False,True,False,False,False,False,False,False,False,False,True,False,False
-1.476452438073602,-1.7524264694181357,0.6065210406702309,0.12600239270578878,0.2767311859140422,0.4820904602273648,-0.27255194966135216,-0.07585208625501888,-0.0716733244773029,0.9074199280745987,-0.36406173522479246,-0.30702849110069724,-1.9461111466054932,0.27720437089769123,0.19795169843899854,-0.2757198939287705,False,False,False,False,False,False,False,False,False,False,False,False,False,False,False,False,False,False,True,False,False,True,False,False,False,False,True,False,True,False,False,False,False,True,False,False,False,False,True,False,False,False,False,False,False,False,False,True,False,False
-1.476452438073602,-1.7524264694181357,0.6065210406702309,0.12600239270578878,0.2767311859140422,0.07184328568768016,-0.1878402379372421,-0.07585208625501888,-0.0716733244773029,0.9074199280745987,-0.36406173522479246,-0.30702849110069724,-1.9461111466054932,0.27720437089769123,0.19795169843899854,-0.22255948378465845,False,False,False,False,False,False,False,False,False,False,False,False,False,False,False,False,False,False,True,False,False,True,False,False,False,True,False,False,True,False,False,False,False,True,False,False,False,False,True,False,False,False,False,False,False,False,False,True,False,False
1.7434704321932961,2.408010472365928,0.68975628858655,0.7679051136463989,0.8374879547349185,-0.7076263459377201,0.8094476409965988,1.3699433718695782,-0.21971394430448274,0.30013459820336885,-0.2126360844989386,1.6378519417785518,0.1552993619756295,-0.8037420210539027,-1.0021990795275724,0.5839598815445841,False,False,False,False,False,False,False,False,False,False,False,False,False,False,False,False,False,False,True,False,False,True,False,True,False,True,False,False,False,True,False,False,False,False,False,False,False,False,False,True,False,False,False,False,False,False,False,True,False,False
1.7434704321932961,2.408010472365928,0.68975628858655,0.7679051136463989,0.8374879547349185,-0.7076263459377201,0.886458288018517,1.3699433718695782,-0.21971394430448274,0.30013459820336885,-0.2126360844989386,1.6378519417785518,0.1552993619756295,-0.9581629341898447,-1.0021990795275724,0.4989032253140049,False,False,False,False,False,False,False,False,False,False,False,False,False,False,False,False,False,False,True,False,False,True,False,True,False,True,False,False,False,True,False,False,False,False,False,False,False,False,False,True,False,False,False,False,False,False,False,True,False,False
-1.476452438073602,-0.9644649274135783,0.9561090819187701,1.117295202259643,0.2767311859140422,0.15389272059561823,1.1078638982065319,1.3699433718695782,-0.21971394430448274,0.30013459820336885,-0.23787369295324787,1.496918577077157,0.1552993619756295,-0.8037420210539027,-1.0021990795275724,0.4521220643871863,False,False,False,False,False,False,False,False,False,False,False,False,False,False,False,False,False,False,True,False,False,True,False,False,False,False,True,False,False,True,False,False,False,False,False,False,False,False,False,True,False,False,False,False,False,False,False,True,False,False
-1.476452438073602,-0.17650338540902072,0.9561090819187701,1.117295202259643,0.2767311859140422,0.15389272059561823,1.146369221717491,1.0748830742931297,-0.21971394430448274,0.30013459820336885,-0.23787369295324787,1.496918577077157,0.1552993619756295,-0.9581629341898447,-1.0021990795275724,0.46123527755474836,False,False,False,False,False,False,False,False,False,False,False,False,False,False,False,False,False,False,True,False,False,True,False,False,False,False,False,True,False,True,False,False,False,False,False,False,False,False,False,True,False,False,False,False,False,False,False,True,False,False
0.9384897146265716,0.0441258463522554,-0.24247848807622502,-0.19088629231552529,-0.19056612143668694,0.8102881998591143,-0.5671176745201894,-0.8135028301961398,-1.1819779731811517,0.45994652711684986,3.2449162737413837,-1.4344954087118562,-0.6852648414568197,1.821413502257111,2.298215559880498,-0.7500626393003759,False,False,False,False,False,False,False,False,False,False,False,False,False,False,False,False,False,False,False,True,False,False,False,True,False,False,True,False,True,False,False,False,False,True,False,False,False,False,True,False,False,False,False,False,False,True,False,False,False,False
0.9384897146265716,0.0441258463522554,-0.24247848807622502,-0.19088629231552529,-0.19056612143668694,0.8102881998591143,-0.667231515648683,-0.45943047310440177,-0.5157951839588424,0.45994652711684986,-0.2883489098618655,-0.50433520168265,0.26036988740468564,0.27720437089769123,0.49798939293064126,-0.719685262075169,False,False,False,False,False,False,False,False,False,False,False,False,False,False,False,False,False,False,False,True,False,True,False,True,False,False,True,False,True,False,False,False,False,True,False,False,False,False,True,False,False,False,False,False,False,False,False,True,False,False
0.9384897146265716,-0.8383910806928491,-0.24247848807622502,-0.19088629231552529,-0.19056612143668694,0.8102881998591143,-0.5613418759935455,-0.8135028301961398,-1.1819779731811517,0.45994652711684986,3.2449162737413837,-1.4344954087118562,-0.6852648414568197,1.821413502257111,2.298215559880498,-0.7166475243526483,False,False,False,False,False,False,False,False,False,False,False,False,False,False,False,False,False,False,False,True,False,False,False,False,False,False,True,False,True,False,False,False,False,True,False,False,False,False,True,False,False,False,False,False,False,True,False,False,False,False
0.9384897146265716,-0.8383910806928491,-0.24247848807622502,-0.19088629231552529,-0.19056612143668694,0.8102881998591143,-0.6614557171220392,-0.45943047310440177,-0.5157951839588424,0.45994652711684986,-0.2883489098618655,-0.50433520168265,0.26036988740468564,0.27720437089769123,0.49798939293064126,-0.6862701471274415,False,False,False,False,False,False,False,False,False,False,False,False,False,False,False,False,False,False,False,True,False,True,False,False,False,False,True,False,True,False,False,False,False,True,False,False,False,False,True,False,False,False,False,False,False,False,False,True,False,False
0.9384897146265716,-0.8383910806928491,-0.24247848807622502,-0.19088629231552529,-0.19056612143668694,0.8102881998591143,-0.540163948062518,-0.45943047310440177,-0.5157951839588424,0.45994652711684986,-0.2883489098618655,-0.50433520168265,0.26036988740468564,0.27720437089769123,0.49798939293064126,-0.6407040812896312,False,False,False,False,False,False,False,False,False,False,False,False,False,False,False,False,False,False,False,True,False,True,False,False,False,False,True,False,True,False,False,False,False,True,False,False,False,False,True,False,False,False,False,False,False,False,False,True,False,False
0.9384897146265716,-0.8383910806928491,-0.24247848807622502,-0.19088629231552529,-0.19056612143668694,0.8102881998591143,-0.4554522363384079,-0.8135028301961398,-1.1819779731811517,0.45994652711684986,3.2449162737413837,-0.9835086416673926,-1.3156879940311565,1.821413502257111,1.6981401708972121,-0.48881719516359673,False,False,False,False,False,False,False,False,False,False,False,False,False,False,False,False,False,False,False,True,False,False,True,False,False,False,True,False,True,False,False,False,False,True,False,False,False,False,True,False,False,False,False,False,False,True,False,False,False,False
0.9384897146265716,-0.8383910806928491,-0.24247848807622502,-0.19088629231552529,-0.19056612143668694,0.8102881998591143,-0.49203229367381907,-0.45943047310440177,-0.5157951839588424,0.45994652711684986,-0.035972825318776304,-0.08153510757846547,0.7857225145499663,0.12278345776174923,0.19795169843899854,-0.4128737521005795,False,False,False,False,False,False,False,False,False,False,False,False,False,False,False,False,False,False,False,True,False,True,False,False,False,False,True,False,True,False,False,False,False,True,False,False,False,False,True,False,False,False,False,False,False,False,False,True,False,False
1.7434704321932961,-0.17650338540902072,-0.7085958764076113,-1.1984298036653411,-0.7980526209926335,0.7692634824051452,-0.580594537749025,-0.45943047310440177,-0.5157951839588424,0.45994652711684986,-0.41453695213341013,-0.36340183698125517,0.7857225145499663,-0.18605836851013471,-0.25210484329846555,-0.16985473429892453,False,False,False,False,False,False,False,False,False,False,False,False,False,False,False,False,False,False,False,True,False,True,False,True,False,False,False,False,True,False,False,False,False,True,False,False,False,False,True,False,False,False,False,False,False,False,False,True,False,False
1.7434704321932961,4.2675997114966835,-0.7085958764076113,-0.6784073461944693,-0.8915120824627807,-0.9537746506615314,-0.6441283215421075,-0.45943047310440177,-0.5157951839588424,0.45994652711684986,-0.41453695213341013,-0.36340183698125517,0.7857225145499663,-0.18605836851013471,-0.25210484329846555,-0.4151520553924701,False,False,False,False,False,False,False,False,False,False,False,False,False,False,False,False,False,False,False,True,False,True,False,True,False,True,False,False,True,False,False,False,False,True,False,False,False,False,True,False,False,False,False,False,False,False,False,True,False,False
-0.6714717205068775,-0.17650338540902072,0.27358004900495464,0.49976853401297877,0.46365010885433655,0.5641398951353029,0.20298879569899284,0.33723233035200884,-0.5157951839588424,0.45994652711684986,-0.41453695213341013,0.20033162182432426,0.7857225145499663,-0.9581629341898447,-1.0021990795275724,0.08835297211533392,False,False,False,False,False,False,False,False,False,False,False,False,False,False,False,False,False,False,False,True,False,True,False,False,False,False,True,False,True,False,False,False,False,True,False,False,False,True,False,False,False,False,False,False,False,False,False,True,False,False
-0.6714717205068775,-0.17650338540902072,0.27358004900495464,0.49976853401297877,0.46365010885433655,0.5641398951353029,0.0451169693040605,-0.8135028301961398,-1.1819779731811517,0.45994652711684986,3.2449162737413837,-0.9835086416673926,-1.3156879940311565,1.203729849713343,1.0980647819139266,0.17189075948465285,False,False,False,False,False,False,False,False,False,False,False,False,False,False,False,False,False,False,False,True,False,False,True,False,False,False,True,False,True,False,False,False,False,True,False,False,False,False,True,False,False,False,False,False,False,True,False,False,False,False
-0.6714717205068775,-0.17650338540902072,0.27358004900495464,0.7354037100544688,0.46365010885433655,0.5641398951353029,0.014312710495293209,-0.45943047310440177,-0.5157951839588424,0.45994652711684986,-0.2883489098618655,-0.41977518286181315,0.7857225145499663,-0.03163745537419274,0.04793285119317718,-0.06429334844133064,False,False,False,False,False,False,False,False,False,False,False,False,False,False,False,False,False,False,False,True,False,True,False,False,False,False,False,True,True,False,False,False,False,True,False,False,False,False,True,False,False,False,False,False,False,False,False,True,False,False
-2.2814331556403267,-0.5547249255712083,0.9228149827522419,1.198548711239467,0.603839301059554,1.0154117871289565,0.6862306057615297,0.484762479140233,1.6678039584920579,-0.33911311745055805,-0.16216086759032092,0.31307831358544014,0.575581463691854,-0.3404792816460767,-0.4021236905442869,0.03443312754059172,False,False,False,False,False,False,False,False,False,False,False,False,False,False,False,False,False,False,False,False,True,True,False,False,False,False,True,False,False,True,False,False,False,True,False,False,False,False,True,False,False,False,False,False,False,False,False,True,False,False
-1.476452438073602,-1.4687603142964951,0.9228149827522419,1.198548711239467,0.603839301059554,1.5487331140305454,0.9211130791783803,0.484762479140233,1.6678039584920579,-0.33911311745055805,-0.16216086759032092,0.31307831358544014,0.575581463691854,-0.3404792816460767,-0.4021236905442869,0.10657939845045805,False,False,False,False,False,False,False,False,False,False,False,False,False,False,False,False,False,False,False,False,True,True,False,False,False,False,False,True,False,True,False,False,False,True,False,False,False,False,True,False,False,False,False,False,False,False,False,True,False,False
-2.2814331556403267,-0.5547249255712083,0.9228149827522419,1.198548711239467,0.603839301059554,1.0154117871289565,0.7305117277991326,0.484762479140233,1.6678039584920579,-0.33911311745055805,-0.16216086759032092,0.31307831358544014,0.575581463691854,-0.18605836851013471,-0.4021236905442869,0.49692869579436644,False,False,False,False,False,False,False,False,False,False,False,False,False,False,False,False,False,False,False,False,True,True,False,False,False,False,True,False,False,True,False,False,False,True,False,False,False,False,True,False,False,False,False,False,False,False,False,True,False,False
-1.476452438073602,-1.4687603142964951,0.9228149827522419,1.198548711239467,0.603839301059554,1.5487331140305454,0.9365152085827639,0.484762479140233,1.6678039584920579,-0.33911311745055805,-0.16216086759032092,0.31307831358544014,0.575581463691854,-0.18605836851013471,-0.4021236905442869,0.5774287454411646,False,False,False,False,False,False,False,False,False,False,False,False,False,False,False,False,False,False,False,False,True,True,False,False,False,False,False,True,False,True,False,False,False,True,False,False,False,False,True,False,False,False,False,False,False,False,False,True,False,False
-2.2814331556403267,-0.5547249255712083,0.9228149827522419,1.198548711239467,0.603839301059554,1.0154117871289565,0.9422910071094077,0.1601961518061398,1.07564147918334,-0.33911311745055805,-0.6669130366764994,1.6660386147188309,-0.054841688882482774,-1.2670047604617285,-1.3022367740192151,0.8667732635112602,False,False,False,False,False,False,False,False,False,False,False,False,False,False,False,False,False,False,False,False,True,True,True,False,False,False,True,False,False,True,False,False,False,True,False,False,False,False,True,False,False,False,False,False,False,False,False,True,False,False
-1.476452438073602,-1.4687603142964951,0.9228149827522419,1.198548711239467,0.603839301059554,1.5487331140305454,1.1579208187707788,0.1601961518061398,1.07564147918334,-0.33911311745055805,-0.6669130366764994,1.6660386147188309,-0.054841688882482774,-1.2670047604617285,-1.3022367740192151,0.9472733131580584,False,False,False,False,False,False,False,False,False,False,False,False,False,False,False,False,False,False,False,False,True,True,True,False,False,False,False,True,False,True,False,False,False,True,False,False,False,False,True,False,False,False,False,False,False,False,False,True,False,False
-1.476452438073602,-0.8068726190126667,1.7218733627489047,1.198548711239467,1.3982447235557949,0.7282387649511761,0.7632412527834479,0.484762479140233,1.6678039584920579,-0.33911311745055805,-0.16216086759032092,0.31307831358544014,0.575581463691854,-0.3404792816460767,-0.4021236905442869,0.627551417862756,False,False,False,False,False,False,False,False,False,False,False,False,False,False,False,False,False,False,False,False,True,True,False,False,False,False,True,False,False,True,False,False,False,True,False,False,False,False,True,False,False,False,False,False,False,False,False,True,False,False
-1.476452438073602,-0.8068726190126667,1.7218733627489047,1.198548711239467,1.351514992820718,0.7282387649511761,0.9499920718115996,0.484762479140233,1.6678039584920579,-0.33911311745055805,-0.36406173522479246,1.6096652688382729,0.3654404128337418,-0.9581629341898447,-0.852180232281751,0.9617025673400317,False,False,False,False,False,False,False,False,False,False,False,False,False,False,False,False,False,False,False,False,True,True,True,False,False,False,True,False,False,True,False,False,False,True,False,False,False,False,True,False,False,False,False,False,False,False,False,True,False,False
-1.476452438073602,-0.8068726190126667,1.7218733627489047,1.198548711239467,1.3982447235557949,0.7282387649511761,0.8787572233163252,1.4289554313848678,0.9276008593561602,-1.2340599193660544,-0.3388241267704832,0.8768117723910196,0.7857225145499663,-1.1125838473257865,-1.1522179267733936,1.3323065694875555,False,False,False,False,False,False,False,False,False,False,False,False,False,False,False,False,False,False,False,False,True,True,False,False,False,False,True,False,False,True,False,False,False,False,False,True,False,False,False,True,False,False,False,False,False,False,False,True,False,False
-1.476452438073602,-0.8068726190126667,1.7218733627489047,1.198548711239467,1.3982447235557949,0.7282387649511761,1.273436789303656,0.6027865981708124,-1.1819779731811517,0.45994652711684986,3.2449162737413837,0.08758493006320837,-0.6852648414568197,0.12278345776174923,-0.5521425377901082,1.4819151523216993,False,False,False,False,False,False,False,False,False,False,False,False,False,False,False,False,False,False,False,False,True,False,True,False,False,False,True,False,False,True,False,False,False,True,False,False,False,False,False,True,False,False,False,False,False,True,False,False,False,False
-1.476452438073602,-0.8068726190126667,1.7218733627489047,1.198548711239467,1.3982447235557949,0.7282387649511761,0.975020532093723,0.484762479140233,1.6678039584920579,-0.33911311745055805,-0.16216086759032092,0.31307831358544014,0.575581463691854,-0.9581629341898447,-0.852180232281751,1.5054576196712348,False,False,False,False,False,False,False,False,False,False,False,False,False,False,False,False,False,False,False,False,True,True,True,False,False,False,True,False,False,True,False,False,False,True,False,False,False,False,True,False,False,False,False,False,False,False,False,True,False,False
